#-----------------------------------------------------------
# Vivado v2025.2 (64-bit)
# SW Build 6299465 on Fri Nov 14 19:35:11 GMT 2025
# IP Build 6300035 on Fri Nov 14 10:48:45 MST 2025
# SharedData Build 6298862 on Thu Nov 13 04:50:51 MST 2025
# Start of session at: Thu Apr  9 20:36:11 2026
# Process ID         : 1512
# Current directory  : C:/Users/pablo/AppData/Roaming/Xilinx/Vivado
# Command line       : vivado.exe -gui_launcher_event rodinguilauncherevent14128
# Log file           : C:/Users/pablo/AppData/Roaming/Xilinx/Vivado/vivado.log
# Journal file       : C:/Users/pablo/AppData/Roaming/Xilinx/Vivado\vivado.jou
# Running On         : PABLO
# Platform           : Windows Server 2016 or Windows 10
# Operating System   : 26200
# Processor Detail   : AMD Ryzen 5 7530U with Radeon Graphics         
# CPU Frequency      : 1996 MHz
# CPU Physical cores : 6
# CPU Logical cores  : 12
# Host memory        : 16516 MB
# Swap memory        : 10737 MB
# Total Virtual      : 27253 MB
# Available Virtual  : 18133 MB
#-----------------------------------------------------------
start_gui
Sourcing tcl script 'C:/Users/pablo/AppData/Roaming/Xilinx/Vivado/2025.2/Vivado_init.tcl'
WARNING: [Board 49-26] cannot add Board Part digilentinc.com:arty-s7-25:part0:1.1 available at C:/Users/pablo/Documents/Digilent/vivado-boards-master/new/board_files/arty-s7-25/E.0/board.xml as part xc7s25csga324-1 specified in board_part file is either invalid or not available
WARNING: [Board 49-26] cannot add Board Part digilentinc.com:arty-s7-50:part0:1.1 available at C:/Users/pablo/Documents/Digilent/vivado-boards-master/new/board_files/arty-s7-50/B.0/board.xml as part xc7s50csga324-1 specified in board_part file is either invalid or not available
WARNING: [Board 49-26] cannot add Board Part digilentinc.com:arty-z7-10:part0:1.1 available at C:/Users/pablo/Documents/Digilent/vivado-boards-master/new/board_files/arty-z7-10/A.0/board.xml as part xc7z010clg400-1 specified in board_part file is either invalid or not available
WARNING: [Board 49-26] cannot add Board Part digilentinc.com:arty-z7-20:part0:1.1 available at C:/Users/pablo/Documents/Digilent/vivado-boards-master/new/board_files/arty-z7-20/A.0/board.xml as part xc7z020clg400-1 specified in board_part file is either invalid or not available
WARNING: [Board 49-26] cannot add Board Part digilentinc.com:cmod-s7-25:part0:1.0 available at C:/Users/pablo/Documents/Digilent/vivado-boards-master/new/board_files/cmod-s7-25/B.0/board.xml as part xc7s25csga225-1 specified in board_part file is either invalid or not available
WARNING: [Board 49-26] cannot add Board Part digilentinc.com:cora-z7-07s:part0:1.1 available at C:/Users/pablo/Documents/Digilent/vivado-boards-master/new/board_files/cora-z7-07s/B.0/board.xml as part xc7z007sclg400-1 specified in board_part file is either invalid or not available
WARNING: [Board 49-26] cannot add Board Part digilentinc.com:cora-z7-10:part0:1.1 available at C:/Users/pablo/Documents/Digilent/vivado-boards-master/new/board_files/cora-z7-10/B.0/board.xml as part xc7z010clg400-1 specified in board_part file is either invalid or not available
WARNING: [Board 49-26] cannot add Board Part digilentinc.com:eclypse-z7:part0:1.0 available at C:/Users/pablo/Documents/Digilent/vivado-boards-master/new/board_files/eclypse-z7/A.0/board.xml as part xc7z020clg484-1 specified in board_part file is either invalid or not available
WARNING: [Board 49-26] cannot add Board Part digilentinc.com:eclypse-z7:part0:1.1 available at C:/Users/pablo/Documents/Digilent/vivado-boards-master/new/board_files/eclypse-z7/B.0/board.xml as part xc7z020clg484-1 specified in board_part file is either invalid or not available
WARNING: [Board 49-26] cannot add Board Part digilentinc.com:genesys2:part0:1.1 available at C:/Users/pablo/Documents/Digilent/vivado-boards-master/new/board_files/genesys2/H/board.xml as part xc7k325tffg900-2 specified in board_part file is either invalid or not available
WARNING: [Board 49-26] cannot add Board Part digilentinc.com:gzu_3eg:part0:1.0 available at C:/Users/pablo/Documents/Digilent/vivado-boards-master/new/board_files/genesys-zu-3eg/B.0/board.xml as part xczu3eg-sfvc784-1-e specified in board_part file is either invalid or not available
WARNING: [Board 49-26] cannot add Board Part digilentinc.com:gzu_3eg:part0:1.1 available at C:/Users/pablo/Documents/Digilent/vivado-boards-master/new/board_files/genesys-zu-3eg/D.0/board.xml as part xczu3eg-sfvc784-1-e specified in board_part file is either invalid or not available
WARNING: [Board 49-26] cannot add Board Part digilentinc.com:gzu_5ev:part0:1.1 available at C:/Users/pablo/Documents/Digilent/vivado-boards-master/new/board_files/genesys-zu-5ev/C.0/board.xml as part xczu5ev-sfvc784-1-e specified in board_part file is either invalid or not available
WARNING: [Board 49-26] cannot add Board Part digilentinc.com:sword:part0:1.0 available at C:/Users/pablo/Documents/Digilent/vivado-boards-master/new/board_files/sword/C.0/board.xml as part xc7k325tffg900-2 specified in board_part file is either invalid or not available
WARNING: [Board 49-26] cannot add Board Part digilentinc.com:zedboard:part0:1.1 available at C:/Users/pablo/Documents/Digilent/vivado-boards-master/new/board_files/zedboard/1.3/board.xml as part xc7z020clg484-1 specified in board_part file is either invalid or not available
WARNING: [Board 49-26] cannot add Board Part digilentinc.com:zybo-z7-10:part0:1.2 available at C:/Users/pablo/Documents/Digilent/vivado-boards-master/new/board_files/zybo-z7-10/A.0/board.xml as part xc7z010clg400-1 specified in board_part file is either invalid or not available
WARNING: [Board 49-26] cannot add Board Part digilentinc.com:zybo-z7-20:part0:1.2 available at C:/Users/pablo/Documents/Digilent/vivado-boards-master/new/board_files/zybo-z7-20/A.0/board.xml as part xc7z020clg400-1 specified in board_part file is either invalid or not available
WARNING: [Board 49-26] cannot add Board Part digilentinc.com:zybo:part0:1.0 available at C:/Users/pablo/Documents/Digilent/vivado-boards-master/new/board_files/zybo/B.3/board.xml as part xc7z010clg400-1 specified in board_part file is either invalid or not available
WARNING: [Board 49-26] cannot add Board Part digilentinc.com:zybo:part0:2.0 available at C:/Users/pablo/Documents/Digilent/vivado-boards-master/new/board_files/zybo/B.4/board.xml as part xc7z010clg400-1 specified in board_part file is either invalid or not available
WARNING: [Board 49-26] cannot add Board Part xilinx.com:emb-plus-vpr-4616:part0:1.0 available at C:/AMDDesignTools/2025.2/data/xhub/boards\XilinxBoardStore\boards\Xilinx\emb-plus-vpr-4616\1.0\board.xml as part xcve2302-sfva784-2mp-e-s specified in board_part file is either invalid or not available
WARNING: [Board 49-26] cannot add Board Part xilinx.com:emb-plus-vpr-4616:part0:1.1 available at C:/AMDDesignTools/2025.2/data/xhub/boards\XilinxBoardStore\boards\Xilinx\emb-plus-vpr-4616\1.1\board.xml as part xcve2302-sfva784-2mp-e-s specified in board_part file is either invalid or not available
WARNING: [Board 49-26] cannot add Board Part xilinx.com:k24c:part0:1.0 available at C:/AMDDesignTools/2025.2/data/xhub/boards\XilinxBoardStore\boards\Xilinx\k24c\1.0\board.xml as part xck24-ubva530-2lv-c specified in board_part file is either invalid or not available
WARNING: [Board 49-26] cannot add Board Part xilinx.com:k24c:part0:1.1 available at C:/AMDDesignTools/2025.2/data/xhub/boards\XilinxBoardStore\boards\Xilinx\k24c\1.1\board.xml as part xck24-ubva530-2lv-c specified in board_part file is either invalid or not available
WARNING: [Board 49-26] cannot add Board Part xilinx.com:k24i:part0:1.0 available at C:/AMDDesignTools/2025.2/data/xhub/boards\XilinxBoardStore\boards\Xilinx\k24i\1.0\board.xml as part xck24-ubva530-2lvi-i specified in board_part file is either invalid or not available
WARNING: [Board 49-26] cannot add Board Part xilinx.com:k26c:part0:1.2 available at C:/AMDDesignTools/2025.2/data/xhub/boards\XilinxBoardStore\boards\Xilinx\k26c\1.2\board.xml as part xck26-sfvc784-2lv-c specified in board_part file is either invalid or not available
WARNING: [Board 49-26] cannot add Board Part xilinx.com:k26c:part0:1.3 available at C:/AMDDesignTools/2025.2/data/xhub/boards\XilinxBoardStore\boards\Xilinx\k26c\1.3\board.xml as part xck26-sfvc784-2lv-c specified in board_part file is either invalid or not available
WARNING: [Board 49-26] cannot add Board Part xilinx.com:k26c:part0:1.4 available at C:/AMDDesignTools/2025.2/data/xhub/boards\XilinxBoardStore\boards\Xilinx\k26c\1.4\board.xml as part xck26-sfvc784-2lv-c specified in board_part file is either invalid or not available
WARNING: [Board 49-26] cannot add Board Part xilinx.com:k26i:part0:1.2 available at C:/AMDDesignTools/2025.2/data/xhub/boards\XilinxBoardStore\boards\Xilinx\k26i\1.2\board.xml as part xck26-sfvc784-2lvi-i specified in board_part file is either invalid or not available
WARNING: [Board 49-26] cannot add Board Part xilinx.com:k26i:part0:1.3 available at C:/AMDDesignTools/2025.2/data/xhub/boards\XilinxBoardStore\boards\Xilinx\k26i\1.3\board.xml as part xck26-sfvc784-2lvi-i specified in board_part file is either invalid or not available
WARNING: [Board 49-26] cannot add Board Part xilinx.com:k26i:part0:1.4 available at C:/AMDDesignTools/2025.2/data/xhub/boards\XilinxBoardStore\boards\Xilinx\k26i\1.4\board.xml as part xck26-sfvc784-2lvi-i specified in board_part file is either invalid or not available
WARNING: [Board 49-26] cannot add Board Part xilinx.com:kc705:part0:1.6 available at C:/AMDDesignTools/2025.2/data/xhub/boards\XilinxBoardStore\boards\Xilinx\kc705\1.6\board.xml as part xc7k325tffg900-2 specified in board_part file is either invalid or not available
WARNING: [Board 49-26] cannot add Board Part xilinx.com:kc705:part0:1.7 available at C:/AMDDesignTools/2025.2/data/xhub/boards\XilinxBoardStore\boards\Xilinx\kc705\1.7\board.xml as part xc7k325tffg900-2 specified in board_part file is either invalid or not available
WARNING: [Board 49-26] cannot add Board Part xilinx.com:kcu105:part0:1.6 available at C:/AMDDesignTools/2025.2/data/xhub/boards\XilinxBoardStore\boards\Xilinx\kcu105\1.6\board.xml as part xcku040-ffva1156-2-e specified in board_part file is either invalid or not available
WARNING: [Board 49-26] cannot add Board Part xilinx.com:kcu105:part0:1.7 available at C:/AMDDesignTools/2025.2/data/xhub/boards\XilinxBoardStore\boards\Xilinx\kcu105\1.7\board.xml as part xcku040-ffva1156-2-e specified in board_part file is either invalid or not available
WARNING: [Board 49-26] cannot add Board Part xilinx.com:kcu116:part0:1.4 available at C:/AMDDesignTools/2025.2/data/xhub/boards\XilinxBoardStore\boards\Xilinx\kcu116\1.4\board.xml as part xcku5p-ffvb676-2-e specified in board_part file is either invalid or not available
WARNING: [Board 49-26] cannot add Board Part xilinx.com:kcu116:part0:1.5 available at C:/AMDDesignTools/2025.2/data/xhub/boards\XilinxBoardStore\boards\Xilinx\kcu116\1.5\board.xml as part xcku5p-ffvb676-2-e specified in board_part file is either invalid or not available
WARNING: [Board 49-26] cannot add Board Part xilinx.com:kcu1500:part0:1.2 available at C:/AMDDesignTools/2025.2/data/xhub/boards\XilinxBoardStore\boards\Xilinx\kcu1500\1.2\board.xml as part xcku115-flvb2104-2-e specified in board_part file is either invalid or not available
WARNING: [Board 49-26] cannot add Board Part xilinx.com:kd240_som:part0:1.0 available at C:/AMDDesignTools/2025.2/data/xhub/boards\XilinxBoardStore\boards\Xilinx\kd240_som\1.0\board.xml as part xck24-ubva530-2lv-c specified in board_part file is either invalid or not available
WARNING: [Board 49-26] cannot add Board Part xilinx.com:kd240_som:part0:1.1 available at C:/AMDDesignTools/2025.2/data/xhub/boards\XilinxBoardStore\boards\Xilinx\kd240_som\1.1\board.xml as part xck24-ubva530-2lv-c specified in board_part file is either invalid or not available
WARNING: [Board 49-26] cannot add Board Part xilinx.com:kr260_som:part0:1.0 available at C:/AMDDesignTools/2025.2/data/xhub/boards\XilinxBoardStore\boards\Xilinx\kr260_som\1.0\board.xml as part xck26-sfvc784-2lv-c specified in board_part file is either invalid or not available
WARNING: [Board 49-26] cannot add Board Part xilinx.com:kr260_som:part0:1.1 available at C:/AMDDesignTools/2025.2/data/xhub/boards\XilinxBoardStore\boards\Xilinx\kr260_som\1.1\board.xml as part xck26-sfvc784-2lv-c specified in board_part file is either invalid or not available
WARNING: [Board 49-26] cannot add Board Part xilinx.com:kv260_som:part0:1.2 available at C:/AMDDesignTools/2025.2/data/xhub/boards\XilinxBoardStore\boards\Xilinx\kv260_som\1.2\board.xml as part xck26-sfvc784-2lv-c specified in board_part file is either invalid or not available
WARNING: [Board 49-26] cannot add Board Part xilinx.com:kv260_som:part0:1.3 available at C:/AMDDesignTools/2025.2/data/xhub/boards\XilinxBoardStore\boards\Xilinx\kv260_som\1.3\board.xml as part xck26-sfvc784-2lv-c specified in board_part file is either invalid or not available
WARNING: [Board 49-26] cannot add Board Part xilinx.com:kv260_som:part0:1.4 available at C:/AMDDesignTools/2025.2/data/xhub/boards\XilinxBoardStore\boards\Xilinx\kv260_som\1.4\board.xml as part xck26-sfvc784-2lv-c specified in board_part file is either invalid or not available
WARNING: [Board 49-26] cannot add Board Part xilinx.com:scu35:part0:1.0 available at C:/AMDDesignTools/2025.2/data/xhub/boards\XilinxBoardStore\boards\Xilinx\scu35\1.0\board.xml as part xcsu35p-sbvb625-2-e specified in board_part file is either invalid or not available
WARNING: [Board 49-26] cannot add Board Part xilinx.com:sp701:part0:1.0 available at C:/AMDDesignTools/2025.2/data/xhub/boards\XilinxBoardStore\boards\Xilinx\sp701\1.0\board.xml as part xc7s100fgga676-2 specified in board_part file is either invalid or not available
WARNING: [Board 49-26] cannot add Board Part xilinx.com:sp701:part0:1.1 available at C:/AMDDesignTools/2025.2/data/xhub/boards\XilinxBoardStore\boards\Xilinx\sp701\1.1\board.xml as part xc7s100fgga676-2 specified in board_part file is either invalid or not available
WARNING: [Board 49-26] cannot add Board Part xilinx.com:v80:part0:1.0 available at C:/AMDDesignTools/2025.2/data/xhub/boards\XilinxBoardStore\boards\Xilinx\v80\1.0\board.xml as part xcv80-lsva4737-2mhp-e-s specified in board_part file is either invalid or not available
WARNING: [Board 49-26] cannot add Board Part xilinx.com:vc707:part0:1.4 available at C:/AMDDesignTools/2025.2/data/xhub/boards\XilinxBoardStore\boards\Xilinx\vc707\1.4\board.xml as part xc7vx485tffg1761-2 specified in board_part file is either invalid or not available
WARNING: [Board 49-26] cannot add Board Part xilinx.com:vc707:part0:1.5 available at C:/AMDDesignTools/2025.2/data/xhub/boards\XilinxBoardStore\boards\Xilinx\vc707\1.5\board.xml as part xc7vx485tffg1761-2 specified in board_part file is either invalid or not available
WARNING: [Board 49-26] cannot add Board Part xilinx.com:vc709:part0:1.8 available at C:/AMDDesignTools/2025.2/data/xhub/boards\XilinxBoardStore\boards\Xilinx\vc709\1.8\board.xml as part xc7vx690tffg1761-2 specified in board_part file is either invalid or not available
WARNING: [Board 49-26] cannot add Board Part xilinx.com:vck190:part0:2.2 available at C:/AMDDesignTools/2025.2/data/xhub/boards\XilinxBoardStore\boards\Xilinx\vck190\production\2.2\board.xml as part xcvc1902-vsva2197-2mp-e-s specified in board_part file is either invalid or not available
WARNING: [Board 49-26] cannot add Board Part xilinx.com:vck190:part0:3.0 available at C:/AMDDesignTools/2025.2/data/xhub/boards\XilinxBoardStore\boards\Xilinx\vck190\production\3.0\board.xml as part xcvc1902-vsva2197-2mp-e-s specified in board_part file is either invalid or not available
WARNING: [Board 49-26] cannot add Board Part xilinx.com:vck190:part0:3.1 available at C:/AMDDesignTools/2025.2/data/xhub/boards\XilinxBoardStore\boards\Xilinx\vck190\production\3.1\board.xml as part xcvc1902-vsva2197-2mp-e-s specified in board_part file is either invalid or not available
WARNING: [Board 49-26] cannot add Board Part xilinx.com:vck190:part0:3.2 available at C:/AMDDesignTools/2025.2/data/xhub/boards\XilinxBoardStore\boards\Xilinx\vck190\production\3.2\board.xml as part xcvc1902-vsva2197-2mp-e-s specified in board_part file is either invalid or not available
WARNING: [Board 49-26] cannot add Board Part xilinx.com:vck190:part0:3.3 available at C:/AMDDesignTools/2025.2/data/xhub/boards\XilinxBoardStore\boards\Xilinx\vck190\production\3.3\board.xml as part xcvc1902-vsva2197-2mp-e-s specified in board_part file is either invalid or not available
WARNING: [Board 49-26] cannot add Board Part xilinx.com:vck190:part0:3.4 available at C:/AMDDesignTools/2025.2/data/xhub/boards\XilinxBoardStore\boards\Xilinx\vck190\production\3.4\board.xml as part xcvc1902-vsva2197-2mp-e-s specified in board_part file is either invalid or not available
WARNING: [Board 49-26] cannot add Board Part xilinx.com:vck190_newl:part0:1.0 available at C:/AMDDesignTools/2025.2/data/xhub/boards\XilinxBoardStore\boards\Xilinx\vck190_newl\production\1.0\board.xml as part xcvc1902-vsva2197-2mp-e-s specified in board_part file is either invalid or not available
WARNING: [Board 49-26] cannot add Board Part xilinx.com:vck190_newl:part0:1.1 available at C:/AMDDesignTools/2025.2/data/xhub/boards\XilinxBoardStore\boards\Xilinx\vck190_newl\production\1.1\board.xml as part xcvc1902-vsva2197-2mp-e-s specified in board_part file is either invalid or not available
WARNING: [Board 49-26] cannot add Board Part xilinx.com:vck190_newl:part0:1.2 available at C:/AMDDesignTools/2025.2/data/xhub/boards\XilinxBoardStore\boards\Xilinx\vck190_newl\production\1.2\board.xml as part xcvc1902-vsva2197-2mp-e-s specified in board_part file is either invalid or not available
WARNING: [Board 49-26] cannot add Board Part xilinx.com:vck190_newl:part0:1.3 available at C:/AMDDesignTools/2025.2/data/xhub/boards\XilinxBoardStore\boards\Xilinx\vck190_newl\production\1.3\board.xml as part xcvc1902-vsva2197-2mp-e-s specified in board_part file is either invalid or not available
WARNING: [Board 49-26] cannot add Board Part xilinx.com:vcu108:part0:1.6 available at C:/AMDDesignTools/2025.2/data/xhub/boards\XilinxBoardStore\boards\Xilinx\vcu108\1.6\board.xml as part xcvu095-ffva2104-2-e specified in board_part file is either invalid or not available
WARNING: [Board 49-26] cannot add Board Part xilinx.com:vcu108:part0:1.7 available at C:/AMDDesignTools/2025.2/data/xhub/boards\XilinxBoardStore\boards\Xilinx\vcu108\1.7\board.xml as part xcvu095-ffva2104-2-e specified in board_part file is either invalid or not available
WARNING: [Board 49-26] cannot add Board Part xilinx.com:vcu110:part0:1.4 available at C:/AMDDesignTools/2025.2/data/xhub/boards\XilinxBoardStore\boards\Xilinx\vcu110\1.4\board.xml as part xcvu190-flgc2104-2-e specified in board_part file is either invalid or not available
WARNING: [Board 49-26] cannot add Board Part xilinx.com:vcu118:part0:2.0 available at C:/AMDDesignTools/2025.2/data/xhub/boards\XilinxBoardStore\boards\Xilinx\vcu118\2.0\board.xml as part xcvu9p-flga2104-2l-e specified in board_part file is either invalid or not available
WARNING: [Board 49-26] cannot add Board Part xilinx.com:vcu118:part0:2.3 available at C:/AMDDesignTools/2025.2/data/xhub/boards\XilinxBoardStore\boards\Xilinx\vcu118\2.3\board.xml as part xcvu9p-flga2104-2l-e specified in board_part file is either invalid or not available
WARNING: [Board 49-26] cannot add Board Part xilinx.com:vcu118:part0:2.4 available at C:/AMDDesignTools/2025.2/data/xhub/boards\XilinxBoardStore\boards\Xilinx\vcu118\2.4\board.xml as part xcvu9p-flga2104-2l-e specified in board_part file is either invalid or not available
WARNING: [Board 49-26] cannot add Board Part xilinx.com:vcu128:part0:1.0 available at C:/AMDDesignTools/2025.2/data/xhub/boards\XilinxBoardStore\boards\Xilinx\vcu128\production\1.0\board.xml as part xcvu37p-fsvh2892-2l-e specified in board_part file is either invalid or not available
WARNING: [Board 49-26] cannot add Board Part xilinx.com:vcu129:part0:1.0 available at C:/AMDDesignTools/2025.2/data/xhub/boards\XilinxBoardStore\boards\Xilinx\vcu129\production\1.0\board.xml as part xcvu29p-fsga2577-2l-e specified in board_part file is either invalid or not available
WARNING: [Board 49-26] cannot add Board Part xilinx.com:vcu1525:part0:1.3 available at C:/AMDDesignTools/2025.2/data/xhub/boards\XilinxBoardStore\boards\Xilinx\vcu1525\1.3\board.xml as part xcvu9p-fsgd2104-2l-e specified in board_part file is either invalid or not available
WARNING: [Board 49-26] cannot add Board Part xilinx.com:vek280:part0:1.0 available at C:/AMDDesignTools/2025.2/data/xhub/boards\XilinxBoardStore\boards\Xilinx\vek280\production\1.0\board.xml as part xcve2802-vsvh1760-2mp-e-s specified in board_part file is either invalid or not available
WARNING: [Board 49-26] cannot add Board Part xilinx.com:vek280:part0:1.1 available at C:/AMDDesignTools/2025.2/data/xhub/boards\XilinxBoardStore\boards\Xilinx\vek280\production\1.1\board.xml as part xcve2802-vsvh1760-2mp-e-s specified in board_part file is either invalid or not available
WARNING: [Board 49-26] cannot add Board Part xilinx.com:vek280:part0:1.2 available at C:/AMDDesignTools/2025.2/data/xhub/boards\XilinxBoardStore\boards\Xilinx\vek280\production\1.2\board.xml as part xcve2802-vsvh1760-2mp-e-s specified in board_part file is either invalid or not available
WARNING: [Board 49-26] cannot add Board Part xilinx.com:vek385:part0:1.0 available at C:/AMDDesignTools/2025.2/data/xhub/boards\XilinxBoardStore\boards\Xilinx\vek385\1.0\board.xml as part xc2ve3858-ssva2112-2mp-e-s specified in board_part file is either invalid or not available
WARNING: [Board 49-26] cannot add Board Part xilinx.com:vek385:part0:1.1 available at C:/AMDDesignTools/2025.2/data/xhub/boards\XilinxBoardStore\boards\Xilinx\vek385\1.1\board.xml as part xc2ve3858-ssva2112-2mp-e-s specified in board_part file is either invalid or not available
WARNING: [Board 49-26] cannot add Board Part xilinx.com:vek385_1:part0:1.0 available at C:/AMDDesignTools/2025.2/data/xhub/boards\XilinxBoardStore\boards\Xilinx\vek385_2\1.0\board.xml as part xc2ve3858-ssva2112-2mp-e-s specified in board_part file is either invalid or not available
WARNING: [Board 49-26] cannot add Board Part xilinx.com:vermeo_t1_mpsoc:part0:1.0 available at C:/AMDDesignTools/2025.2/data/xhub/boards\XilinxBoardStore\boards\Xilinx\vermeo_t1_mpsoc\1.0\board.xml as part xczu19eg-ffvd1760-2l-e specified in board_part file is either invalid or not available
WARNING: [Board 49-26] cannot add Board Part xilinx.com:vermeo_t1_rfsoc:part0:1.0 available at C:/AMDDesignTools/2025.2/data/xhub/boards\XilinxBoardStore\boards\Xilinx\vermeo_t1_rfsoc\1.0\board.xml as part xczu21dr-ffvd1156-2l-e specified in board_part file is either invalid or not available
WARNING: [Board 49-26] cannot add Board Part xilinx.com:vhk158:part0:1.0 available at C:/AMDDesignTools/2025.2/data/xhub/boards\XilinxBoardStore\boards\Xilinx\vhk158\production\1.0\board.xml as part xcvh1582-vsva3697-2mp-e-s specified in board_part file is either invalid or not available
WARNING: [Board 49-26] cannot add Board Part xilinx.com:vhk158:part0:1.1 available at C:/AMDDesignTools/2025.2/data/xhub/boards\XilinxBoardStore\boards\Xilinx\vhk158\production\1.1\board.xml as part xcvh1582-vsva3697-2mp-e-s specified in board_part file is either invalid or not available
WARNING: [Board 49-26] cannot add Board Part xilinx.com:vhk158:part0:1.2 available at C:/AMDDesignTools/2025.2/data/xhub/boards\XilinxBoardStore\boards\Xilinx\vhk158\production\1.2\board.xml as part xcvh1582-vsva3697-2mp-e-s specified in board_part file is either invalid or not available
WARNING: [Board 49-26] cannot add Board Part xilinx.com:vmk180:part0:2.2 available at C:/AMDDesignTools/2025.2/data/xhub/boards\XilinxBoardStore\boards\Xilinx\vmk180\production\2.2\board.xml as part xcvm1802-vsva2197-2mp-e-s specified in board_part file is either invalid or not available
WARNING: [Board 49-26] cannot add Board Part xilinx.com:vmk180:part0:3.0 available at C:/AMDDesignTools/2025.2/data/xhub/boards\XilinxBoardStore\boards\Xilinx\vmk180\production\3.0\board.xml as part xcvm1802-vsva2197-2mp-e-s specified in board_part file is either invalid or not available
WARNING: [Board 49-26] cannot add Board Part xilinx.com:vmk180:part0:3.1 available at C:/AMDDesignTools/2025.2/data/xhub/boards\XilinxBoardStore\boards\Xilinx\vmk180\production\3.1\board.xml as part xcvm1802-vsva2197-2mp-e-s specified in board_part file is either invalid or not available
WARNING: [Board 49-26] cannot add Board Part xilinx.com:vmk180:part0:3.2 available at C:/AMDDesignTools/2025.2/data/xhub/boards\XilinxBoardStore\boards\Xilinx\vmk180\production\3.2\board.xml as part xcvm1802-vsva2197-2mp-e-s specified in board_part file is either invalid or not available
WARNING: [Board 49-26] cannot add Board Part xilinx.com:vmk180:part0:3.3 available at C:/AMDDesignTools/2025.2/data/xhub/boards\XilinxBoardStore\boards\Xilinx\vmk180\production\3.3\board.xml as part xcvm1802-vsva2197-2mp-e-s specified in board_part file is either invalid or not available
WARNING: [Board 49-26] cannot add Board Part xilinx.com:vmk180_newl:part0:1.0 available at C:/AMDDesignTools/2025.2/data/xhub/boards\XilinxBoardStore\boards\Xilinx\vmk180_newl\production\1.0\board.xml as part xcvm1802-vsva2197-2mp-e-s specified in board_part file is either invalid or not available
WARNING: [Board 49-26] cannot add Board Part xilinx.com:vmk180_newl:part0:1.1 available at C:/AMDDesignTools/2025.2/data/xhub/boards\XilinxBoardStore\boards\Xilinx\vmk180_newl\production\1.1\board.xml as part xcvm1802-vsva2197-2mp-e-s specified in board_part file is either invalid or not available
WARNING: [Board 49-26] cannot add Board Part xilinx.com:vpk120:part0:1.0 available at C:/AMDDesignTools/2025.2/data/xhub/boards\XilinxBoardStore\boards\Xilinx\vpk120\production\1.0\board.xml as part xcvp1202-vsva2785-2mp-e-s specified in board_part file is either invalid or not available
WARNING: [Board 49-26] cannot add Board Part xilinx.com:vpk120:part0:1.1 available at C:/AMDDesignTools/2025.2/data/xhub/boards\XilinxBoardStore\boards\Xilinx\vpk120\production\1.1\board.xml as part xcvp1202-vsva2785-2mp-e-s specified in board_part file is either invalid or not available
WARNING: [Board 49-26] cannot add Board Part xilinx.com:vpk120:part0:1.2 available at C:/AMDDesignTools/2025.2/data/xhub/boards\XilinxBoardStore\boards\Xilinx\vpk120\production\1.2\board.xml as part xcvp1202-vsva2785-2mp-e-s specified in board_part file is either invalid or not available
WARNING: [Board 49-26] cannot add Board Part xilinx.com:vpk180:part0:1.0 available at C:/AMDDesignTools/2025.2/data/xhub/boards\XilinxBoardStore\boards\Xilinx\vpk180\production\1.0\board.xml as part xcvp1802-lsvc4072-2mp-e-s specified in board_part file is either invalid or not available
WARNING: [Board 49-26] cannot add Board Part xilinx.com:vpk180:part0:1.1 available at C:/AMDDesignTools/2025.2/data/xhub/boards\XilinxBoardStore\boards\Xilinx\vpk180\production\1.1\board.xml as part xcvp1802-lsvc4072-2mp-e-s specified in board_part file is either invalid or not available
WARNING: [Board 49-26] cannot add Board Part xilinx.com:vpk180:part0:1.2 available at C:/AMDDesignTools/2025.2/data/xhub/boards\XilinxBoardStore\boards\Xilinx\vpk180\production\1.2\board.xml as part xcvp1802-lsvc4072-2mp-e-s specified in board_part file is either invalid or not available
WARNING: [Board 49-26] cannot add Board Part xilinx.com:vrk160:part0:1.0 available at C:/AMDDesignTools/2025.2/data/xhub/boards\XilinxBoardStore\boards\Xilinx\vrk160\1.0\board.xml as part xcvr1602-vsva2488-2mp-e-s-es1 specified in board_part file is either invalid or not available
WARNING: [Board 49-26] cannot add Board Part xilinx.com:vrk160:part0:1.1 available at C:/AMDDesignTools/2025.2/data/xhub/boards\XilinxBoardStore\boards\Xilinx\vrk160\1.1\board.xml as part xcvr1602-vsva2488-2mp-e-s-es1 specified in board_part file is either invalid or not available
WARNING: [Board 49-26] cannot add Board Part xilinx.com:zc702:part0:1.4 available at C:/AMDDesignTools/2025.2/data/xhub/boards\XilinxBoardStore\boards\Xilinx\zc702\1.4\board.xml as part xc7z020clg484-1 specified in board_part file is either invalid or not available
WARNING: [Board 49-26] cannot add Board Part xilinx.com:zc706:part0:1.4 available at C:/AMDDesignTools/2025.2/data/xhub/boards\XilinxBoardStore\boards\Xilinx\zc706\1.4\board.xml as part xc7z045ffg900-2 specified in board_part file is either invalid or not available
WARNING: [Board 49-26] cannot add Board Part xilinx.com:zc706:part0:1.5 available at C:/AMDDesignTools/2025.2/data/xhub/boards\XilinxBoardStore\boards\Xilinx\zc706\1.5\board.xml as part xc7z045ffg900-2 specified in board_part file is either invalid or not available
WARNING: [Board 49-26] cannot add Board Part xilinx.com:zcu102:part0:3.3 available at C:/AMDDesignTools/2025.2/data/xhub/boards\XilinxBoardStore\boards\Xilinx\zcu102\3.3\board.xml as part xczu9eg-ffvb1156-2-e specified in board_part file is either invalid or not available
INFO: [Common 17-14] Message 'Board 49-26' appears 100 times and further instances of the messages will be disabled. Use the Tcl command set_msg_config to change the current settings.
open_project {C:/Users/pablo/Documents/Vivado Projects/cable_display7segment/cable_display7segment.xpr}
INFO: [filemgmt 56-3] Default IP Output Path : Could not find the directory 'C:/Users/pablo/Documents/Vivado Projects/cable_display7segment/cable_display7segment.gen/sources_1'.
CRITICAL WARNING: [Project 1-19] Could not find the file 'C:/Users/pablo/Downloads/tutorial/Tutorial/Basys3_Master.xdc'.
Scanning sources...
Finished scanning sources
WARNING: [Board 49-26] cannot add Board Part digilentinc.com:arty-s7-25:part0:1.1 available at C:/Users/pablo/Documents/Digilent/vivado-boards-master/new/board_files/arty-s7-25/E.0/board.xml as part xc7s25csga324-1 specified in board_part file is either invalid or not available
WARNING: [Board 49-26] cannot add Board Part digilentinc.com:arty-s7-50:part0:1.1 available at C:/Users/pablo/Documents/Digilent/vivado-boards-master/new/board_files/arty-s7-50/B.0/board.xml as part xc7s50csga324-1 specified in board_part file is either invalid or not available
WARNING: [Board 49-26] cannot add Board Part digilentinc.com:arty-z7-10:part0:1.1 available at C:/Users/pablo/Documents/Digilent/vivado-boards-master/new/board_files/arty-z7-10/A.0/board.xml as part xc7z010clg400-1 specified in board_part file is either invalid or not available
WARNING: [Board 49-26] cannot add Board Part digilentinc.com:arty-z7-20:part0:1.1 available at C:/Users/pablo/Documents/Digilent/vivado-boards-master/new/board_files/arty-z7-20/A.0/board.xml as part xc7z020clg400-1 specified in board_part file is either invalid or not available
WARNING: [Board 49-26] cannot add Board Part digilentinc.com:cmod-s7-25:part0:1.0 available at C:/Users/pablo/Documents/Digilent/vivado-boards-master/new/board_files/cmod-s7-25/B.0/board.xml as part xc7s25csga225-1 specified in board_part file is either invalid or not available
WARNING: [Board 49-26] cannot add Board Part digilentinc.com:cora-z7-07s:part0:1.1 available at C:/Users/pablo/Documents/Digilent/vivado-boards-master/new/board_files/cora-z7-07s/B.0/board.xml as part xc7z007sclg400-1 specified in board_part file is either invalid or not available
WARNING: [Board 49-26] cannot add Board Part digilentinc.com:cora-z7-10:part0:1.1 available at C:/Users/pablo/Documents/Digilent/vivado-boards-master/new/board_files/cora-z7-10/B.0/board.xml as part xc7z010clg400-1 specified in board_part file is either invalid or not available
WARNING: [Board 49-26] cannot add Board Part digilentinc.com:eclypse-z7:part0:1.0 available at C:/Users/pablo/Documents/Digilent/vivado-boards-master/new/board_files/eclypse-z7/A.0/board.xml as part xc7z020clg484-1 specified in board_part file is either invalid or not available
WARNING: [Board 49-26] cannot add Board Part digilentinc.com:eclypse-z7:part0:1.1 available at C:/Users/pablo/Documents/Digilent/vivado-boards-master/new/board_files/eclypse-z7/B.0/board.xml as part xc7z020clg484-1 specified in board_part file is either invalid or not available
WARNING: [Board 49-26] cannot add Board Part digilentinc.com:genesys2:part0:1.1 available at C:/Users/pablo/Documents/Digilent/vivado-boards-master/new/board_files/genesys2/H/board.xml as part xc7k325tffg900-2 specified in board_part file is either invalid or not available
WARNING: [Board 49-26] cannot add Board Part digilentinc.com:gzu_3eg:part0:1.0 available at C:/Users/pablo/Documents/Digilent/vivado-boards-master/new/board_files/genesys-zu-3eg/B.0/board.xml as part xczu3eg-sfvc784-1-e specified in board_part file is either invalid or not available
WARNING: [Board 49-26] cannot add Board Part digilentinc.com:gzu_3eg:part0:1.1 available at C:/Users/pablo/Documents/Digilent/vivado-boards-master/new/board_files/genesys-zu-3eg/D.0/board.xml as part xczu3eg-sfvc784-1-e specified in board_part file is either invalid or not available
WARNING: [Board 49-26] cannot add Board Part digilentinc.com:gzu_5ev:part0:1.1 available at C:/Users/pablo/Documents/Digilent/vivado-boards-master/new/board_files/genesys-zu-5ev/C.0/board.xml as part xczu5ev-sfvc784-1-e specified in board_part file is either invalid or not available
WARNING: [Board 49-26] cannot add Board Part digilentinc.com:sword:part0:1.0 available at C:/Users/pablo/Documents/Digilent/vivado-boards-master/new/board_files/sword/C.0/board.xml as part xc7k325tffg900-2 specified in board_part file is either invalid or not available
WARNING: [Board 49-26] cannot add Board Part digilentinc.com:zedboard:part0:1.1 available at C:/Users/pablo/Documents/Digilent/vivado-boards-master/new/board_files/zedboard/1.3/board.xml as part xc7z020clg484-1 specified in board_part file is either invalid or not available
WARNING: [Board 49-26] cannot add Board Part digilentinc.com:zybo-z7-10:part0:1.2 available at C:/Users/pablo/Documents/Digilent/vivado-boards-master/new/board_files/zybo-z7-10/A.0/board.xml as part xc7z010clg400-1 specified in board_part file is either invalid or not available
WARNING: [Board 49-26] cannot add Board Part digilentinc.com:zybo-z7-20:part0:1.2 available at C:/Users/pablo/Documents/Digilent/vivado-boards-master/new/board_files/zybo-z7-20/A.0/board.xml as part xc7z020clg400-1 specified in board_part file is either invalid or not available
WARNING: [Board 49-26] cannot add Board Part digilentinc.com:zybo:part0:1.0 available at C:/Users/pablo/Documents/Digilent/vivado-boards-master/new/board_files/zybo/B.3/board.xml as part xc7z010clg400-1 specified in board_part file is either invalid or not available
WARNING: [Board 49-26] cannot add Board Part digilentinc.com:zybo:part0:2.0 available at C:/Users/pablo/Documents/Digilent/vivado-boards-master/new/board_files/zybo/B.4/board.xml as part xc7z010clg400-1 specified in board_part file is either invalid or not available
WARNING: [Board 49-26] cannot add Board Part xilinx.com:emb-plus-vpr-4616:part0:1.0 available at C:/AMDDesignTools/2025.2/data/xhub/boards\XilinxBoardStore\boards\Xilinx\emb-plus-vpr-4616\1.0\board.xml as part xcve2302-sfva784-2mp-e-s specified in board_part file is either invalid or not available
WARNING: [Board 49-26] cannot add Board Part xilinx.com:emb-plus-vpr-4616:part0:1.1 available at C:/AMDDesignTools/2025.2/data/xhub/boards\XilinxBoardStore\boards\Xilinx\emb-plus-vpr-4616\1.1\board.xml as part xcve2302-sfva784-2mp-e-s specified in board_part file is either invalid or not available
WARNING: [Board 49-26] cannot add Board Part xilinx.com:k24c:part0:1.0 available at C:/AMDDesignTools/2025.2/data/xhub/boards\XilinxBoardStore\boards\Xilinx\k24c\1.0\board.xml as part xck24-ubva530-2lv-c specified in board_part file is either invalid or not available
WARNING: [Board 49-26] cannot add Board Part xilinx.com:k24c:part0:1.1 available at C:/AMDDesignTools/2025.2/data/xhub/boards\XilinxBoardStore\boards\Xilinx\k24c\1.1\board.xml as part xck24-ubva530-2lv-c specified in board_part file is either invalid or not available
WARNING: [Board 49-26] cannot add Board Part xilinx.com:k24i:part0:1.0 available at C:/AMDDesignTools/2025.2/data/xhub/boards\XilinxBoardStore\boards\Xilinx\k24i\1.0\board.xml as part xck24-ubva530-2lvi-i specified in board_part file is either invalid or not available
WARNING: [Board 49-26] cannot add Board Part xilinx.com:k26c:part0:1.2 available at C:/AMDDesignTools/2025.2/data/xhub/boards\XilinxBoardStore\boards\Xilinx\k26c\1.2\board.xml as part xck26-sfvc784-2lv-c specified in board_part file is either invalid or not available
WARNING: [Board 49-26] cannot add Board Part xilinx.com:k26c:part0:1.3 available at C:/AMDDesignTools/2025.2/data/xhub/boards\XilinxBoardStore\boards\Xilinx\k26c\1.3\board.xml as part xck26-sfvc784-2lv-c specified in board_part file is either invalid or not available
WARNING: [Board 49-26] cannot add Board Part xilinx.com:k26c:part0:1.4 available at C:/AMDDesignTools/2025.2/data/xhub/boards\XilinxBoardStore\boards\Xilinx\k26c\1.4\board.xml as part xck26-sfvc784-2lv-c specified in board_part file is either invalid or not available
WARNING: [Board 49-26] cannot add Board Part xilinx.com:k26i:part0:1.2 available at C:/AMDDesignTools/2025.2/data/xhub/boards\XilinxBoardStore\boards\Xilinx\k26i\1.2\board.xml as part xck26-sfvc784-2lvi-i specified in board_part file is either invalid or not available
WARNING: [Board 49-26] cannot add Board Part xilinx.com:k26i:part0:1.3 available at C:/AMDDesignTools/2025.2/data/xhub/boards\XilinxBoardStore\boards\Xilinx\k26i\1.3\board.xml as part xck26-sfvc784-2lvi-i specified in board_part file is either invalid or not available
WARNING: [Board 49-26] cannot add Board Part xilinx.com:k26i:part0:1.4 available at C:/AMDDesignTools/2025.2/data/xhub/boards\XilinxBoardStore\boards\Xilinx\k26i\1.4\board.xml as part xck26-sfvc784-2lvi-i specified in board_part file is either invalid or not available
WARNING: [Board 49-26] cannot add Board Part xilinx.com:kc705:part0:1.6 available at C:/AMDDesignTools/2025.2/data/xhub/boards\XilinxBoardStore\boards\Xilinx\kc705\1.6\board.xml as part xc7k325tffg900-2 specified in board_part file is either invalid or not available
WARNING: [Board 49-26] cannot add Board Part xilinx.com:kc705:part0:1.7 available at C:/AMDDesignTools/2025.2/data/xhub/boards\XilinxBoardStore\boards\Xilinx\kc705\1.7\board.xml as part xc7k325tffg900-2 specified in board_part file is either invalid or not available
WARNING: [Board 49-26] cannot add Board Part xilinx.com:kcu105:part0:1.6 available at C:/AMDDesignTools/2025.2/data/xhub/boards\XilinxBoardStore\boards\Xilinx\kcu105\1.6\board.xml as part xcku040-ffva1156-2-e specified in board_part file is either invalid or not available
WARNING: [Board 49-26] cannot add Board Part xilinx.com:kcu105:part0:1.7 available at C:/AMDDesignTools/2025.2/data/xhub/boards\XilinxBoardStore\boards\Xilinx\kcu105\1.7\board.xml as part xcku040-ffva1156-2-e specified in board_part file is either invalid or not available
WARNING: [Board 49-26] cannot add Board Part xilinx.com:kcu116:part0:1.4 available at C:/AMDDesignTools/2025.2/data/xhub/boards\XilinxBoardStore\boards\Xilinx\kcu116\1.4\board.xml as part xcku5p-ffvb676-2-e specified in board_part file is either invalid or not available
WARNING: [Board 49-26] cannot add Board Part xilinx.com:kcu116:part0:1.5 available at C:/AMDDesignTools/2025.2/data/xhub/boards\XilinxBoardStore\boards\Xilinx\kcu116\1.5\board.xml as part xcku5p-ffvb676-2-e specified in board_part file is either invalid or not available
WARNING: [Board 49-26] cannot add Board Part xilinx.com:kcu1500:part0:1.2 available at C:/AMDDesignTools/2025.2/data/xhub/boards\XilinxBoardStore\boards\Xilinx\kcu1500\1.2\board.xml as part xcku115-flvb2104-2-e specified in board_part file is either invalid or not available
WARNING: [Board 49-26] cannot add Board Part xilinx.com:kd240_som:part0:1.0 available at C:/AMDDesignTools/2025.2/data/xhub/boards\XilinxBoardStore\boards\Xilinx\kd240_som\1.0\board.xml as part xck24-ubva530-2lv-c specified in board_part file is either invalid or not available
WARNING: [Board 49-26] cannot add Board Part xilinx.com:kd240_som:part0:1.1 available at C:/AMDDesignTools/2025.2/data/xhub/boards\XilinxBoardStore\boards\Xilinx\kd240_som\1.1\board.xml as part xck24-ubva530-2lv-c specified in board_part file is either invalid or not available
WARNING: [Board 49-26] cannot add Board Part xilinx.com:kr260_som:part0:1.0 available at C:/AMDDesignTools/2025.2/data/xhub/boards\XilinxBoardStore\boards\Xilinx\kr260_som\1.0\board.xml as part xck26-sfvc784-2lv-c specified in board_part file is either invalid or not available
WARNING: [Board 49-26] cannot add Board Part xilinx.com:kr260_som:part0:1.1 available at C:/AMDDesignTools/2025.2/data/xhub/boards\XilinxBoardStore\boards\Xilinx\kr260_som\1.1\board.xml as part xck26-sfvc784-2lv-c specified in board_part file is either invalid or not available
WARNING: [Board 49-26] cannot add Board Part xilinx.com:kv260_som:part0:1.2 available at C:/AMDDesignTools/2025.2/data/xhub/boards\XilinxBoardStore\boards\Xilinx\kv260_som\1.2\board.xml as part xck26-sfvc784-2lv-c specified in board_part file is either invalid or not available
WARNING: [Board 49-26] cannot add Board Part xilinx.com:kv260_som:part0:1.3 available at C:/AMDDesignTools/2025.2/data/xhub/boards\XilinxBoardStore\boards\Xilinx\kv260_som\1.3\board.xml as part xck26-sfvc784-2lv-c specified in board_part file is either invalid or not available
WARNING: [Board 49-26] cannot add Board Part xilinx.com:kv260_som:part0:1.4 available at C:/AMDDesignTools/2025.2/data/xhub/boards\XilinxBoardStore\boards\Xilinx\kv260_som\1.4\board.xml as part xck26-sfvc784-2lv-c specified in board_part file is either invalid or not available
WARNING: [Board 49-26] cannot add Board Part xilinx.com:scu35:part0:1.0 available at C:/AMDDesignTools/2025.2/data/xhub/boards\XilinxBoardStore\boards\Xilinx\scu35\1.0\board.xml as part xcsu35p-sbvb625-2-e specified in board_part file is either invalid or not available
WARNING: [Board 49-26] cannot add Board Part xilinx.com:sp701:part0:1.0 available at C:/AMDDesignTools/2025.2/data/xhub/boards\XilinxBoardStore\boards\Xilinx\sp701\1.0\board.xml as part xc7s100fgga676-2 specified in board_part file is either invalid or not available
WARNING: [Board 49-26] cannot add Board Part xilinx.com:sp701:part0:1.1 available at C:/AMDDesignTools/2025.2/data/xhub/boards\XilinxBoardStore\boards\Xilinx\sp701\1.1\board.xml as part xc7s100fgga676-2 specified in board_part file is either invalid or not available
WARNING: [Board 49-26] cannot add Board Part xilinx.com:v80:part0:1.0 available at C:/AMDDesignTools/2025.2/data/xhub/boards\XilinxBoardStore\boards\Xilinx\v80\1.0\board.xml as part xcv80-lsva4737-2mhp-e-s specified in board_part file is either invalid or not available
WARNING: [Board 49-26] cannot add Board Part xilinx.com:vc707:part0:1.4 available at C:/AMDDesignTools/2025.2/data/xhub/boards\XilinxBoardStore\boards\Xilinx\vc707\1.4\board.xml as part xc7vx485tffg1761-2 specified in board_part file is either invalid or not available
WARNING: [Board 49-26] cannot add Board Part xilinx.com:vc707:part0:1.5 available at C:/AMDDesignTools/2025.2/data/xhub/boards\XilinxBoardStore\boards\Xilinx\vc707\1.5\board.xml as part xc7vx485tffg1761-2 specified in board_part file is either invalid or not available
WARNING: [Board 49-26] cannot add Board Part xilinx.com:vc709:part0:1.8 available at C:/AMDDesignTools/2025.2/data/xhub/boards\XilinxBoardStore\boards\Xilinx\vc709\1.8\board.xml as part xc7vx690tffg1761-2 specified in board_part file is either invalid or not available
WARNING: [Board 49-26] cannot add Board Part xilinx.com:vck190:part0:2.2 available at C:/AMDDesignTools/2025.2/data/xhub/boards\XilinxBoardStore\boards\Xilinx\vck190\production\2.2\board.xml as part xcvc1902-vsva2197-2mp-e-s specified in board_part file is either invalid or not available
WARNING: [Board 49-26] cannot add Board Part xilinx.com:vck190:part0:3.0 available at C:/AMDDesignTools/2025.2/data/xhub/boards\XilinxBoardStore\boards\Xilinx\vck190\production\3.0\board.xml as part xcvc1902-vsva2197-2mp-e-s specified in board_part file is either invalid or not available
WARNING: [Board 49-26] cannot add Board Part xilinx.com:vck190:part0:3.1 available at C:/AMDDesignTools/2025.2/data/xhub/boards\XilinxBoardStore\boards\Xilinx\vck190\production\3.1\board.xml as part xcvc1902-vsva2197-2mp-e-s specified in board_part file is either invalid or not available
WARNING: [Board 49-26] cannot add Board Part xilinx.com:vck190:part0:3.2 available at C:/AMDDesignTools/2025.2/data/xhub/boards\XilinxBoardStore\boards\Xilinx\vck190\production\3.2\board.xml as part xcvc1902-vsva2197-2mp-e-s specified in board_part file is either invalid or not available
WARNING: [Board 49-26] cannot add Board Part xilinx.com:vck190:part0:3.3 available at C:/AMDDesignTools/2025.2/data/xhub/boards\XilinxBoardStore\boards\Xilinx\vck190\production\3.3\board.xml as part xcvc1902-vsva2197-2mp-e-s specified in board_part file is either invalid or not available
WARNING: [Board 49-26] cannot add Board Part xilinx.com:vck190:part0:3.4 available at C:/AMDDesignTools/2025.2/data/xhub/boards\XilinxBoardStore\boards\Xilinx\vck190\production\3.4\board.xml as part xcvc1902-vsva2197-2mp-e-s specified in board_part file is either invalid or not available
WARNING: [Board 49-26] cannot add Board Part xilinx.com:vck190_newl:part0:1.0 available at C:/AMDDesignTools/2025.2/data/xhub/boards\XilinxBoardStore\boards\Xilinx\vck190_newl\production\1.0\board.xml as part xcvc1902-vsva2197-2mp-e-s specified in board_part file is either invalid or not available
WARNING: [Board 49-26] cannot add Board Part xilinx.com:vck190_newl:part0:1.1 available at C:/AMDDesignTools/2025.2/data/xhub/boards\XilinxBoardStore\boards\Xilinx\vck190_newl\production\1.1\board.xml as part xcvc1902-vsva2197-2mp-e-s specified in board_part file is either invalid or not available
WARNING: [Board 49-26] cannot add Board Part xilinx.com:vck190_newl:part0:1.2 available at C:/AMDDesignTools/2025.2/data/xhub/boards\XilinxBoardStore\boards\Xilinx\vck190_newl\production\1.2\board.xml as part xcvc1902-vsva2197-2mp-e-s specified in board_part file is either invalid or not available
WARNING: [Board 49-26] cannot add Board Part xilinx.com:vck190_newl:part0:1.3 available at C:/AMDDesignTools/2025.2/data/xhub/boards\XilinxBoardStore\boards\Xilinx\vck190_newl\production\1.3\board.xml as part xcvc1902-vsva2197-2mp-e-s specified in board_part file is either invalid or not available
WARNING: [Board 49-26] cannot add Board Part xilinx.com:vcu108:part0:1.6 available at C:/AMDDesignTools/2025.2/data/xhub/boards\XilinxBoardStore\boards\Xilinx\vcu108\1.6\board.xml as part xcvu095-ffva2104-2-e specified in board_part file is either invalid or not available
WARNING: [Board 49-26] cannot add Board Part xilinx.com:vcu108:part0:1.7 available at C:/AMDDesignTools/2025.2/data/xhub/boards\XilinxBoardStore\boards\Xilinx\vcu108\1.7\board.xml as part xcvu095-ffva2104-2-e specified in board_part file is either invalid or not available
WARNING: [Board 49-26] cannot add Board Part xilinx.com:vcu110:part0:1.4 available at C:/AMDDesignTools/2025.2/data/xhub/boards\XilinxBoardStore\boards\Xilinx\vcu110\1.4\board.xml as part xcvu190-flgc2104-2-e specified in board_part file is either invalid or not available
WARNING: [Board 49-26] cannot add Board Part xilinx.com:vcu118:part0:2.0 available at C:/AMDDesignTools/2025.2/data/xhub/boards\XilinxBoardStore\boards\Xilinx\vcu118\2.0\board.xml as part xcvu9p-flga2104-2l-e specified in board_part file is either invalid or not available
WARNING: [Board 49-26] cannot add Board Part xilinx.com:vcu118:part0:2.3 available at C:/AMDDesignTools/2025.2/data/xhub/boards\XilinxBoardStore\boards\Xilinx\vcu118\2.3\board.xml as part xcvu9p-flga2104-2l-e specified in board_part file is either invalid or not available
WARNING: [Board 49-26] cannot add Board Part xilinx.com:vcu118:part0:2.4 available at C:/AMDDesignTools/2025.2/data/xhub/boards\XilinxBoardStore\boards\Xilinx\vcu118\2.4\board.xml as part xcvu9p-flga2104-2l-e specified in board_part file is either invalid or not available
WARNING: [Board 49-26] cannot add Board Part xilinx.com:vcu128:part0:1.0 available at C:/AMDDesignTools/2025.2/data/xhub/boards\XilinxBoardStore\boards\Xilinx\vcu128\production\1.0\board.xml as part xcvu37p-fsvh2892-2l-e specified in board_part file is either invalid or not available
WARNING: [Board 49-26] cannot add Board Part xilinx.com:vcu129:part0:1.0 available at C:/AMDDesignTools/2025.2/data/xhub/boards\XilinxBoardStore\boards\Xilinx\vcu129\production\1.0\board.xml as part xcvu29p-fsga2577-2l-e specified in board_part file is either invalid or not available
WARNING: [Board 49-26] cannot add Board Part xilinx.com:vcu1525:part0:1.3 available at C:/AMDDesignTools/2025.2/data/xhub/boards\XilinxBoardStore\boards\Xilinx\vcu1525\1.3\board.xml as part xcvu9p-fsgd2104-2l-e specified in board_part file is either invalid or not available
WARNING: [Board 49-26] cannot add Board Part xilinx.com:vek280:part0:1.0 available at C:/AMDDesignTools/2025.2/data/xhub/boards\XilinxBoardStore\boards\Xilinx\vek280\production\1.0\board.xml as part xcve2802-vsvh1760-2mp-e-s specified in board_part file is either invalid or not available
WARNING: [Board 49-26] cannot add Board Part xilinx.com:vek280:part0:1.1 available at C:/AMDDesignTools/2025.2/data/xhub/boards\XilinxBoardStore\boards\Xilinx\vek280\production\1.1\board.xml as part xcve2802-vsvh1760-2mp-e-s specified in board_part file is either invalid or not available
WARNING: [Board 49-26] cannot add Board Part xilinx.com:vek280:part0:1.2 available at C:/AMDDesignTools/2025.2/data/xhub/boards\XilinxBoardStore\boards\Xilinx\vek280\production\1.2\board.xml as part xcve2802-vsvh1760-2mp-e-s specified in board_part file is either invalid or not available
WARNING: [Board 49-26] cannot add Board Part xilinx.com:vek385:part0:1.0 available at C:/AMDDesignTools/2025.2/data/xhub/boards\XilinxBoardStore\boards\Xilinx\vek385\1.0\board.xml as part xc2ve3858-ssva2112-2mp-e-s specified in board_part file is either invalid or not available
WARNING: [Board 49-26] cannot add Board Part xilinx.com:vek385:part0:1.1 available at C:/AMDDesignTools/2025.2/data/xhub/boards\XilinxBoardStore\boards\Xilinx\vek385\1.1\board.xml as part xc2ve3858-ssva2112-2mp-e-s specified in board_part file is either invalid or not available
WARNING: [Board 49-26] cannot add Board Part xilinx.com:vek385_1:part0:1.0 available at C:/AMDDesignTools/2025.2/data/xhub/boards\XilinxBoardStore\boards\Xilinx\vek385_2\1.0\board.xml as part xc2ve3858-ssva2112-2mp-e-s specified in board_part file is either invalid or not available
WARNING: [Board 49-26] cannot add Board Part xilinx.com:vermeo_t1_mpsoc:part0:1.0 available at C:/AMDDesignTools/2025.2/data/xhub/boards\XilinxBoardStore\boards\Xilinx\vermeo_t1_mpsoc\1.0\board.xml as part xczu19eg-ffvd1760-2l-e specified in board_part file is either invalid or not available
WARNING: [Board 49-26] cannot add Board Part xilinx.com:vermeo_t1_rfsoc:part0:1.0 available at C:/AMDDesignTools/2025.2/data/xhub/boards\XilinxBoardStore\boards\Xilinx\vermeo_t1_rfsoc\1.0\board.xml as part xczu21dr-ffvd1156-2l-e specified in board_part file is either invalid or not available
WARNING: [Board 49-26] cannot add Board Part xilinx.com:vhk158:part0:1.0 available at C:/AMDDesignTools/2025.2/data/xhub/boards\XilinxBoardStore\boards\Xilinx\vhk158\production\1.0\board.xml as part xcvh1582-vsva3697-2mp-e-s specified in board_part file is either invalid or not available
WARNING: [Board 49-26] cannot add Board Part xilinx.com:vhk158:part0:1.1 available at C:/AMDDesignTools/2025.2/data/xhub/boards\XilinxBoardStore\boards\Xilinx\vhk158\production\1.1\board.xml as part xcvh1582-vsva3697-2mp-e-s specified in board_part file is either invalid or not available
WARNING: [Board 49-26] cannot add Board Part xilinx.com:vhk158:part0:1.2 available at C:/AMDDesignTools/2025.2/data/xhub/boards\XilinxBoardStore\boards\Xilinx\vhk158\production\1.2\board.xml as part xcvh1582-vsva3697-2mp-e-s specified in board_part file is either invalid or not available
WARNING: [Board 49-26] cannot add Board Part xilinx.com:vmk180:part0:2.2 available at C:/AMDDesignTools/2025.2/data/xhub/boards\XilinxBoardStore\boards\Xilinx\vmk180\production\2.2\board.xml as part xcvm1802-vsva2197-2mp-e-s specified in board_part file is either invalid or not available
WARNING: [Board 49-26] cannot add Board Part xilinx.com:vmk180:part0:3.0 available at C:/AMDDesignTools/2025.2/data/xhub/boards\XilinxBoardStore\boards\Xilinx\vmk180\production\3.0\board.xml as part xcvm1802-vsva2197-2mp-e-s specified in board_part file is either invalid or not available
WARNING: [Board 49-26] cannot add Board Part xilinx.com:vmk180:part0:3.1 available at C:/AMDDesignTools/2025.2/data/xhub/boards\XilinxBoardStore\boards\Xilinx\vmk180\production\3.1\board.xml as part xcvm1802-vsva2197-2mp-e-s specified in board_part file is either invalid or not available
WARNING: [Board 49-26] cannot add Board Part xilinx.com:vmk180:part0:3.2 available at C:/AMDDesignTools/2025.2/data/xhub/boards\XilinxBoardStore\boards\Xilinx\vmk180\production\3.2\board.xml as part xcvm1802-vsva2197-2mp-e-s specified in board_part file is either invalid or not available
WARNING: [Board 49-26] cannot add Board Part xilinx.com:vmk180:part0:3.3 available at C:/AMDDesignTools/2025.2/data/xhub/boards\XilinxBoardStore\boards\Xilinx\vmk180\production\3.3\board.xml as part xcvm1802-vsva2197-2mp-e-s specified in board_part file is either invalid or not available
WARNING: [Board 49-26] cannot add Board Part xilinx.com:vmk180_newl:part0:1.0 available at C:/AMDDesignTools/2025.2/data/xhub/boards\XilinxBoardStore\boards\Xilinx\vmk180_newl\production\1.0\board.xml as part xcvm1802-vsva2197-2mp-e-s specified in board_part file is either invalid or not available
WARNING: [Board 49-26] cannot add Board Part xilinx.com:vmk180_newl:part0:1.1 available at C:/AMDDesignTools/2025.2/data/xhub/boards\XilinxBoardStore\boards\Xilinx\vmk180_newl\production\1.1\board.xml as part xcvm1802-vsva2197-2mp-e-s specified in board_part file is either invalid or not available
WARNING: [Board 49-26] cannot add Board Part xilinx.com:vpk120:part0:1.0 available at C:/AMDDesignTools/2025.2/data/xhub/boards\XilinxBoardStore\boards\Xilinx\vpk120\production\1.0\board.xml as part xcvp1202-vsva2785-2mp-e-s specified in board_part file is either invalid or not available
WARNING: [Board 49-26] cannot add Board Part xilinx.com:vpk120:part0:1.1 available at C:/AMDDesignTools/2025.2/data/xhub/boards\XilinxBoardStore\boards\Xilinx\vpk120\production\1.1\board.xml as part xcvp1202-vsva2785-2mp-e-s specified in board_part file is either invalid or not available
WARNING: [Board 49-26] cannot add Board Part xilinx.com:vpk120:part0:1.2 available at C:/AMDDesignTools/2025.2/data/xhub/boards\XilinxBoardStore\boards\Xilinx\vpk120\production\1.2\board.xml as part xcvp1202-vsva2785-2mp-e-s specified in board_part file is either invalid or not available
WARNING: [Board 49-26] cannot add Board Part xilinx.com:vpk180:part0:1.0 available at C:/AMDDesignTools/2025.2/data/xhub/boards\XilinxBoardStore\boards\Xilinx\vpk180\production\1.0\board.xml as part xcvp1802-lsvc4072-2mp-e-s specified in board_part file is either invalid or not available
WARNING: [Board 49-26] cannot add Board Part xilinx.com:vpk180:part0:1.1 available at C:/AMDDesignTools/2025.2/data/xhub/boards\XilinxBoardStore\boards\Xilinx\vpk180\production\1.1\board.xml as part xcvp1802-lsvc4072-2mp-e-s specified in board_part file is either invalid or not available
WARNING: [Board 49-26] cannot add Board Part xilinx.com:vpk180:part0:1.2 available at C:/AMDDesignTools/2025.2/data/xhub/boards\XilinxBoardStore\boards\Xilinx\vpk180\production\1.2\board.xml as part xcvp1802-lsvc4072-2mp-e-s specified in board_part file is either invalid or not available
WARNING: [Board 49-26] cannot add Board Part xilinx.com:vrk160:part0:1.0 available at C:/AMDDesignTools/2025.2/data/xhub/boards\XilinxBoardStore\boards\Xilinx\vrk160\1.0\board.xml as part xcvr1602-vsva2488-2mp-e-s-es1 specified in board_part file is either invalid or not available
WARNING: [Board 49-26] cannot add Board Part xilinx.com:vrk160:part0:1.1 available at C:/AMDDesignTools/2025.2/data/xhub/boards\XilinxBoardStore\boards\Xilinx\vrk160\1.1\board.xml as part xcvr1602-vsva2488-2mp-e-s-es1 specified in board_part file is either invalid or not available
WARNING: [Board 49-26] cannot add Board Part xilinx.com:zc702:part0:1.4 available at C:/AMDDesignTools/2025.2/data/xhub/boards\XilinxBoardStore\boards\Xilinx\zc702\1.4\board.xml as part xc7z020clg484-1 specified in board_part file is either invalid or not available
WARNING: [Board 49-26] cannot add Board Part xilinx.com:zc706:part0:1.4 available at C:/AMDDesignTools/2025.2/data/xhub/boards\XilinxBoardStore\boards\Xilinx\zc706\1.4\board.xml as part xc7z045ffg900-2 specified in board_part file is either invalid or not available
WARNING: [Board 49-26] cannot add Board Part xilinx.com:zc706:part0:1.5 available at C:/AMDDesignTools/2025.2/data/xhub/boards\XilinxBoardStore\boards\Xilinx\zc706\1.5\board.xml as part xc7z045ffg900-2 specified in board_part file is either invalid or not available
WARNING: [Board 49-26] cannot add Board Part xilinx.com:zcu102:part0:3.3 available at C:/AMDDesignTools/2025.2/data/xhub/boards\XilinxBoardStore\boards\Xilinx\zcu102\3.3\board.xml as part xczu9eg-ffvb1156-2-e specified in board_part file is either invalid or not available
INFO: [Common 17-14] Message 'Board 49-26' appears 100 times and further instances of the messages will be disabled. Use the Tcl command set_msg_config to change the current settings.
INFO: [IP_Flow 19-234] Refreshing IP repositories
INFO: [IP_Flow 19-1704] No user IP repositories specified
INFO: [IP_Flow 19-2313] Loaded Vivado IP repository 'C:/AMDDesignTools/2025.2/Vivado/data/ip'.
open_project: Time (s): cpu = 00:00:17 ; elapsed = 00:00:08 . Memory (MB): peak = 1725.227 ; gain = 82.277
update_compile_order -fileset sources_1
remove_files  -fileset constrs_1 C:/Users/pablo/Downloads/tutorial/Tutorial/Basys3_Master.xdc
add_files -fileset constrs_1 -norecurse C:/Users/pablo/Downloads/Basys3_Master.xdc
update_compile_order -fileset sources_1
launch_simulation
Command: launch_simulation 
INFO: [Vivado 12-25911] Executing simulation for 'XSim' simulator
INFO: [Vivado 12-28535] Process started - Sat Apr 11 15:40:22 2026

INFO: [Vivado 12-12493] Simulation top is 'test'
INFO: [Vivado 12-5682] Launching behavioral simulation in 'C:/Users/pablo/Documents/Vivado Projects/cable_display7segment/cable_display7segment.sim/sim_1/behav/xsim'
INFO: [SIM-utils-51] Simulation object is 'sim_1'
INFO: [SIM-utils-72] Using boost library from 'C:/AMDDesignTools/2025.2/Vivado/tps/boost_1_72_0'
INFO: [SIM-utils-54] Inspecting design source files for 'test' in fileset 'sim_1'...
INFO: [USF-XSim-97] Finding global include files...
INFO: [USF-XSim-98] Fetching design files from 'sim_1'...
INFO: [USF-XSim-2] XSim::Compile design
INFO: [USF-XSim-61] Executing 'COMPILE and ANALYZE' step in 'C:/Users/pablo/Documents/Vivado Projects/cable_display7segment/cable_display7segment.sim/sim_1/behav/xsim'
"xvhdl --incr --relax -prj test_vhdl.prj"
INFO: [VRFC 10-163] Analyzing VHDL file "C:/Users/pablo/Documents/Vivado Projects/cable_display7segment/cable_display7segment.srcs/sources_1/new/S7_Segmt.vhd" into library xil_defaultlib
INFO: [VRFC 10-3107] analyzing entity 'S7_Segmt'
INFO: [VRFC 10-3107] analyzing entity 'test'
INFO: [USF-XSim-69] 'compile' step finished in '4' seconds
INFO: [USF-XSim-3] XSim::Elaborate design
INFO: [USF-XSim-61] Executing 'ELABORATE' step in 'C:/Users/pablo/Documents/Vivado Projects/cable_display7segment/cable_display7segment.sim/sim_1/behav/xsim'
"xelab --incr --debug typical --relax --mt 2 -L xil_defaultlib -L secureip --snapshot test_behav xil_defaultlib.test -log elaborate.log"
Vivado Simulator v2025.2
Copyright 1986-2022 Xilinx, Inc. All Rights Reserved.
Copyright 2022-2025 Advanced Micro Devices, Inc. All Rights Reserved.
Running: C:/AMDDesignTools/2025.2/Vivado/bin/unwrapped/win64.o/xelab.exe --incr --debug typical --relax --mt 2 -L xil_defaultlib -L secureip --snapshot test_behav xil_defaultlib.test -log elaborate.log 
Using 2 slave threads.
Starting static elaboration
Completed static elaboration
Starting simulation data flow analysis
Completed simulation data flow analysis
Time Resolution for simulation is 1ps
Compiling package std.standard
Compiling package std.textio
Compiling package ieee.std_logic_1164
Compiling architecture flujo_datos of entity xil_defaultlib.S7_Segmt [s7_segmt_default]
Compiling architecture testeando_7s of entity xil_defaultlib.test
Built simulation snapshot test_behav
run_program: Time (s): cpu = 00:00:01 ; elapsed = 00:00:08 . Memory (MB): peak = 1774.336 ; gain = 0.000
INFO: [USF-XSim-69] 'elaborate' step finished in '9' seconds
INFO: [USF-XSim-4] XSim::Simulate design
INFO: [USF-XSim-61] Executing 'SIMULATE' step in 'C:/Users/pablo/Documents/Vivado Projects/cable_display7segment/cable_display7segment.sim/sim_1/behav/xsim'
INFO: [USF-XSim-98] *** Running xsim
   with args "test_behav -key {Behavioral:sim_1:Functional:test} -tclbatch {test.tcl} -log {simulate.log}"
INFO: [USF-XSim-8] Loading simulator feature
Time resolution is 1 ps
source test.tcl
# set curr_wave [current_wave_config]
# if { [string length $curr_wave] == 0 } {
#   if { [llength [get_objects]] > 0} {
#     add_wave /
#     set_property needs_save false [current_wave_config]
#   } else {
#      send_msg_id Add_Wave-1 WARNING "No top level signals found. Simulator will start without a wave window. If you want to open a wave window go to 'File->New Waveform Configuration' or type 'create_wave_config' in the TCL console."
#   }
# }
# run 1000ns
xsim: Time (s): cpu = 00:00:12 ; elapsed = 00:00:06 . Memory (MB): peak = 1783.734 ; gain = 9.398
INFO: [USF-XSim-96] XSim completed. Design snapshot 'test_behav' loaded.
INFO: [USF-XSim-97] XSim simulation ran for 1000ns
launch_simulation: Time (s): cpu = 00:00:16 ; elapsed = 00:00:26 . Memory (MB): peak = 1783.734 ; gain = 9.398
restart
INFO: [Wavedata 42-604] Simulation restarted
run all
run 80 ns
run 80 ns
run 80 ns
run all
run all
restart
INFO: [Wavedata 42-604] Simulation restarted
run all
run 80 ns
run 80 ns
run 80 ns
run 80 ns
run 80 ns
run 80 ns
run 80 ns
run 80 ns
run 80 ns
run 80 ns
run 80 ns
run 80 ns
run 80 ns
run 80 ns
run 80 ns
run 80 ns
run 80 ns
run 80 ns
run 80 ns
run 80 ns
run 80 ns
run 80 ns
run 80 ns
run 80 ns
run 80 ns
run 80 ns
restart
INFO: [Wavedata 42-604] Simulation restarted
run all
run 80 ns
close_sim
INFO: [Simtcl 6-16] Simulation closed
WARNING: [filemgmt 56-199] Attempt to get parsing info during refresh. "On-the-fly" syntax checking information may be incorrect. [C:\Users\pablo\Documents\Vivado Projects\cable_display7segment\cable_display7segment.srcs\sources_1\new\Practica6.vhd:]
WARNING: [filemgmt 56-199] Attempt to get parsing info during refresh. "On-the-fly" syntax checking information may be incorrect. [C:\Users\pablo\Documents\Vivado Projects\cable_display7segment\cable_display7segment.srcs\sources_1\new\S7_Segmt.vhd:]
WARNING: [filemgmt 56-199] Attempt to get parsing info during refresh. "On-the-fly" syntax checking information may be incorrect. [C:\Users\pablo\Documents\Vivado Projects\cable_display7segment\cable_display7segment.srcs\sources_1\new\Practica6.vhd:]
WARNING: [filemgmt 56-199] Attempt to get parsing info during refresh. "On-the-fly" syntax checking information may be incorrect. [C:\Users\pablo\Documents\Vivado Projects\cable_display7segment\cable_display7segment.srcs\sources_1\new\Practica6.vhd:]
WARNING: [filemgmt 56-199] Attempt to get parsing info during refresh. "On-the-fly" syntax checking information may be incorrect. [C:\Users\pablo\Documents\Vivado Projects\cable_display7segment\cable_display7segment.srcs\sources_1\new\Practica6.vhd:]
WARNING: [filemgmt 56-199] Attempt to get parsing info during refresh. "On-the-fly" syntax checking information may be incorrect. [C:\Users\pablo\Documents\Vivado Projects\cable_display7segment\cable_display7segment.srcs\sources_1\new\S7_Segmt.vhd:]
WARNING: [filemgmt 56-199] Attempt to get parsing info during refresh. "On-the-fly" syntax checking information may be incorrect. [C:\Users\pablo\Documents\Vivado Projects\cable_display7segment\cable_display7segment.srcs\sources_1\new\S7_Segmt.vhd:]
WARNING: [filemgmt 56-199] Attempt to get parsing info during refresh. "On-the-fly" syntax checking information may be incorrect. [C:\Users\pablo\Documents\Vivado Projects\cable_display7segment\cable_display7segment.srcs\sources_1\new\S7_Segmt.vhd:]
WARNING: [filemgmt 56-199] Attempt to get parsing info during refresh. "On-the-fly" syntax checking information may be incorrect. [C:\Users\pablo\Documents\Vivado Projects\cable_display7segment\cable_display7segment.srcs\sources_1\new\Practica6.vhd:]
WARNING: [filemgmt 56-199] Attempt to get parsing info during refresh. "On-the-fly" syntax checking information may be incorrect. [C:\Users\pablo\Documents\Vivado Projects\cable_display7segment\cable_display7segment.srcs\sources_1\new\S7_Segmt.vhd:]
WARNING: [filemgmt 56-199] Attempt to get parsing info during refresh. "On-the-fly" syntax checking information may be incorrect. [C:\Users\pablo\Documents\Vivado Projects\cable_display7segment\cable_display7segment.srcs\sources_1\new\Practica6.vhd:]
WARNING: [filemgmt 56-199] Attempt to get parsing info during refresh. "On-the-fly" syntax checking information may be incorrect. [C:\Users\pablo\Documents\Vivado Projects\cable_display7segment\cable_display7segment.srcs\sources_1\new\Practica6.vhd:]
export_ip_user_files -of_objects  [get_files {{C:/Users/pablo/Documents/Vivado Projects/cable_display7segment/cable_display7segment.srcs/sources_1/new/Practica6.vhd}}] -no_script -reset -force -quiet
remove_files  {{C:/Users/pablo/Documents/Vivado Projects/cable_display7segment/cable_display7segment.srcs/sources_1/new/Practica6.vhd}}
file delete -force {C:/Users/pablo/Documents/Vivado Projects/cable_display7segment/cable_display7segment.srcs/sources_1/new/Practica6.vhd}
synth_design -top test -part xc7a35tcpg236-1 -lint 
Command: synth_design -top test -part xc7a35tcpg236-1 -lint
Starting synth_design
Attempting to get a license for feature 'Synthesis' and/or device 'xc7a35t'
INFO: [Common 17-349] Got license for feature 'Synthesis' and/or device 'xc7a35t'
INFO: [Synth 8-7079] Multithreading enabled for synth_design using a maximum of 2 processes.
INFO: [Synth 8-7078] Launching helper process for spawning children vivado processes
INFO: [Synth 8-7075] Helper process launched with PID 18796
---------------------------------------------------------------------------------
Starting Synthesize : Time (s): cpu = 00:00:13 ; elapsed = 00:00:14 . Memory (MB): peak = 2288.902 ; gain = 152.945
---------------------------------------------------------------------------------
Clean up Linter database...
INFO: [Synth 8-638] synthesizing module 'test' [C:/Users/pablo/Documents/Vivado Projects/cable_display7segment/cable_display7segment.srcs/sources_1/new/S7_Segmt.vhd:81]
INFO: [Synth 8-638] synthesizing module 'S7_Segmt' [C:/Users/pablo/Documents/Vivado Projects/cable_display7segment/cable_display7segment.srcs/sources_1/new/S7_Segmt.vhd:54]
INFO: [Synth 8-256] done synthesizing module 'S7_Segmt' (1#1) [C:/Users/pablo/Documents/Vivado Projects/cable_display7segment/cable_display7segment.srcs/sources_1/new/S7_Segmt.vhd:54]
WARNING: [Synth 8-312] ignoring unsynthesizable construct: wait statement with no conditon [C:/Users/pablo/Documents/Vivado Projects/cable_display7segment/cable_display7segment.srcs/sources_1/new/S7_Segmt.vhd:98]
WARNING: [Synth 8-312] ignoring unsynthesizable construct: wait statement with no conditon [C:/Users/pablo/Documents/Vivado Projects/cable_display7segment/cable_display7segment.srcs/sources_1/new/S7_Segmt.vhd:103]
WARNING: [Synth 8-312] ignoring unsynthesizable construct: wait statement with no conditon [C:/Users/pablo/Documents/Vivado Projects/cable_display7segment/cable_display7segment.srcs/sources_1/new/S7_Segmt.vhd:108]
INFO: [Synth 8-256] done synthesizing module 'test' (2#1) [C:/Users/pablo/Documents/Vivado Projects/cable_display7segment/cable_display7segment.srcs/sources_1/new/S7_Segmt.vhd:81]
---------------------------------------------------------------------------------
Finished Synthesize : Time (s): cpu = 00:00:17 ; elapsed = 00:00:18 . Memory (MB): peak = 2407.328 ; gain = 271.371
---------------------------------------------------------------------------------
Copyright 1986-2022 Xilinx, Inc. All Rights Reserved. Copyright 2022-2025 Advanced Micro Devices, Inc. All Rights Reserved.
---------------------------------------------------------------------------------------------------------------------------------------------
| Tool Version : Vivado v.2025.2 (win64) Build 6299465 Fri Nov 14 19:35:11 GMT 2025
| Date         : Sat Apr 11 15:59:20 2026
| Host         : PABLO running 64-bit major release  (build 9200)
---------------------------------------------------------------------------------------------------------------------------------------------

RTL Linter Report

Table of Contents
-----------------
1. Summary

1. Summary
----------

+----------+----------+--------------+----------+
| Rule ID  | Severity | # Violations | # Waived |
+----------+----------+--------------+----------+
| ASSIGN-6 | WARNING  | 12           | 0        |
+----------+----------+--------------+----------+


WARNING: [Synth 37-93] [ASSIGN-6]Signal 'SSEG_AN0_S' was assigned but not read. 
RTL Name 'SSEG_AN0_S', Hierarchy 'test', File 'C:/Users/pablo/Documents/Vivado Projects/cable_display7segment/cable_display7segment.srcs/sources_1/new/S7_Segmt.vhd', Line 83.
WARNING: [Synth 37-93] [ASSIGN-6]Signal 'SSEG_AN1_S' was assigned but not read. 
RTL Name 'SSEG_AN1_S', Hierarchy 'test', File 'C:/Users/pablo/Documents/Vivado Projects/cable_display7segment/cable_display7segment.srcs/sources_1/new/S7_Segmt.vhd', Line 83.
WARNING: [Synth 37-93] [ASSIGN-6]Signal 'SSEG_AN2_S' was assigned but not read. 
RTL Name 'SSEG_AN2_S', Hierarchy 'test', File 'C:/Users/pablo/Documents/Vivado Projects/cable_display7segment/cable_display7segment.srcs/sources_1/new/S7_Segmt.vhd', Line 83.
WARNING: [Synth 37-93] [ASSIGN-6]Signal 'SSEG_AN3_S' was assigned but not read. 
RTL Name 'SSEG_AN3_S', Hierarchy 'test', File 'C:/Users/pablo/Documents/Vivado Projects/cable_display7segment/cable_display7segment.srcs/sources_1/new/S7_Segmt.vhd', Line 83.
WARNING: [Synth 37-93] [ASSIGN-6]Signal 'a_S' was assigned but not read. 
RTL Name 'a_S', Hierarchy 'test', File 'C:/Users/pablo/Documents/Vivado Projects/cable_display7segment/cable_display7segment.srcs/sources_1/new/S7_Segmt.vhd', Line 83.
WARNING: [Synth 37-93] [ASSIGN-6]Signal 'b_S' was assigned but not read. 
RTL Name 'b_S', Hierarchy 'test', File 'C:/Users/pablo/Documents/Vivado Projects/cable_display7segment/cable_display7segment.srcs/sources_1/new/S7_Segmt.vhd', Line 83.
WARNING: [Synth 37-93] [ASSIGN-6]Signal 'c_S' was assigned but not read. 
RTL Name 'c_S', Hierarchy 'test', File 'C:/Users/pablo/Documents/Vivado Projects/cable_display7segment/cable_display7segment.srcs/sources_1/new/S7_Segmt.vhd', Line 83.
WARNING: [Synth 37-93] [ASSIGN-6]Signal 'd_S' was assigned but not read. 
RTL Name 'd_S', Hierarchy 'test', File 'C:/Users/pablo/Documents/Vivado Projects/cable_display7segment/cable_display7segment.srcs/sources_1/new/S7_Segmt.vhd', Line 83.
WARNING: [Synth 37-93] [ASSIGN-6]Signal 'e_S' was assigned but not read. 
RTL Name 'e_S', Hierarchy 'test', File 'C:/Users/pablo/Documents/Vivado Projects/cable_display7segment/cable_display7segment.srcs/sources_1/new/S7_Segmt.vhd', Line 83.
WARNING: [Synth 37-93] [ASSIGN-6]Signal 'f_S' was assigned but not read. 
RTL Name 'f_S', Hierarchy 'test', File 'C:/Users/pablo/Documents/Vivado Projects/cable_display7segment/cable_display7segment.srcs/sources_1/new/S7_Segmt.vhd', Line 83.
WARNING: [Synth 37-93] [ASSIGN-6]Signal 'g_S' was assigned but not read. 
RTL Name 'g_S', Hierarchy 'test', File 'C:/Users/pablo/Documents/Vivado Projects/cable_display7segment/cable_display7segment.srcs/sources_1/new/S7_Segmt.vhd', Line 83.
WARNING: [Synth 37-93] [ASSIGN-6]Signal 'point_S' was assigned but not read. 
RTL Name 'point_S', Hierarchy 'test', File 'C:/Users/pablo/Documents/Vivado Projects/cable_display7segment/cable_display7segment.srcs/sources_1/new/S7_Segmt.vhd', Line 83.
INFO: [Synth 37-85] Total of 12 linter message(s) generated.
INFO: [Synth 37-45] Linter Run Finished!
Synthesis Optimization Runtime : Time (s): cpu = 00:00:17 ; elapsed = 00:00:18 . Memory (MB): peak = 2407.328 ; gain = 271.371
INFO: [Common 17-83] Releasing license: Synthesis
11 Infos, 15 Warnings, 0 Critical Warnings and 0 Errors encountered.
synth_design completed successfully
synth_design: Time (s): cpu = 00:00:17 ; elapsed = 00:00:19 . Memory (MB): peak = 2407.328 ; gain = 271.371
synth_design -rtl -rtl_skip_mlo -name rtl_1
Command: synth_design -rtl -rtl_skip_mlo -name rtl_1
Starting synth_design
Using part: xc7a35tcpg236-1
Top: test
INFO: [Device 21-403] Loading part xc7a35tcpg236-1
INFO: [Synth 8-7079] Multithreading enabled for synth_design using a maximum of 2 processes.
---------------------------------------------------------------------------------
Starting RTL Elaboration : Time (s): cpu = 00:00:15 ; elapsed = 00:00:12 . Memory (MB): peak = 2665.684 ; gain = 113.707
---------------------------------------------------------------------------------
INFO: [Synth 8-638] synthesizing module 'test' [C:/Users/pablo/Documents/Vivado Projects/cable_display7segment/cable_display7segment.srcs/sources_1/new/S7_Segmt.vhd:81]
INFO: [Synth 8-638] synthesizing module 'S7_Segmt' [C:/Users/pablo/Documents/Vivado Projects/cable_display7segment/cable_display7segment.srcs/sources_1/new/S7_Segmt.vhd:54]
INFO: [Synth 8-256] done synthesizing module 'S7_Segmt' (0#1) [C:/Users/pablo/Documents/Vivado Projects/cable_display7segment/cable_display7segment.srcs/sources_1/new/S7_Segmt.vhd:54]
WARNING: [Synth 8-312] ignoring unsynthesizable construct: wait statement with no conditon [C:/Users/pablo/Documents/Vivado Projects/cable_display7segment/cable_display7segment.srcs/sources_1/new/S7_Segmt.vhd:98]
WARNING: [Synth 8-312] ignoring unsynthesizable construct: wait statement with no conditon [C:/Users/pablo/Documents/Vivado Projects/cable_display7segment/cable_display7segment.srcs/sources_1/new/S7_Segmt.vhd:103]
WARNING: [Synth 8-312] ignoring unsynthesizable construct: wait statement with no conditon [C:/Users/pablo/Documents/Vivado Projects/cable_display7segment/cable_display7segment.srcs/sources_1/new/S7_Segmt.vhd:108]
INFO: [Synth 8-256] done synthesizing module 'test' (0#1) [C:/Users/pablo/Documents/Vivado Projects/cable_display7segment/cable_display7segment.srcs/sources_1/new/S7_Segmt.vhd:81]
---------------------------------------------------------------------------------
Finished RTL Elaboration : Time (s): cpu = 00:00:21 ; elapsed = 00:00:16 . Memory (MB): peak = 2796.910 ; gain = 244.934
---------------------------------------------------------------------------------
---------------------------------------------------------------------------------
Start Handling Custom Attributes
---------------------------------------------------------------------------------
---------------------------------------------------------------------------------
Finished Handling Custom Attributes : Time (s): cpu = 00:00:21 ; elapsed = 00:00:17 . Memory (MB): peak = 2796.910 ; gain = 244.934
---------------------------------------------------------------------------------
---------------------------------------------------------------------------------
Finished RTL Optimization Phase 1 : Time (s): cpu = 00:00:21 ; elapsed = 00:00:17 . Memory (MB): peak = 2796.910 ; gain = 244.934
---------------------------------------------------------------------------------
Netlist sorting complete. Time (s): cpu = 00:00:00 ; elapsed = 00:00:00.001 . Memory (MB): peak = 2796.910 ; gain = 0.000
INFO: [Project 1-570] Preparing netlist for logic optimization

Processing XDC Constraints
Initializing timing engine
Parsing XDC File [C:/Users/pablo/Downloads/Basys3_Master.xdc]
WARNING: [Vivado 12-584] No ports matched 'A0'. [C:/Users/pablo/Downloads/Basys3_Master.xdc:12]
CRITICAL WARNING: [Common 17-55] 'set_property' expects at least one object. [C:/Users/pablo/Downloads/Basys3_Master.xdc:12]
Resolution: If [get_<value>] was used to populate the object, check to make sure this command returns at least one valid object.
WARNING: [Vivado 12-584] No ports matched 'A0'. [C:/Users/pablo/Downloads/Basys3_Master.xdc:13]
CRITICAL WARNING: [Common 17-55] 'set_property' expects at least one object. [C:/Users/pablo/Downloads/Basys3_Master.xdc:13]
Resolution: If [get_<value>] was used to populate the object, check to make sure this command returns at least one valid object.
WARNING: [Vivado 12-584] No ports matched 'A1'. [C:/Users/pablo/Downloads/Basys3_Master.xdc:14]
CRITICAL WARNING: [Common 17-55] 'set_property' expects at least one object. [C:/Users/pablo/Downloads/Basys3_Master.xdc:14]
Resolution: If [get_<value>] was used to populate the object, check to make sure this command returns at least one valid object.
WARNING: [Vivado 12-584] No ports matched 'A1'. [C:/Users/pablo/Downloads/Basys3_Master.xdc:15]
CRITICAL WARNING: [Common 17-55] 'set_property' expects at least one object. [C:/Users/pablo/Downloads/Basys3_Master.xdc:15]
Resolution: If [get_<value>] was used to populate the object, check to make sure this command returns at least one valid object.
WARNING: [Vivado 12-584] No ports matched 'A2'. [C:/Users/pablo/Downloads/Basys3_Master.xdc:16]
CRITICAL WARNING: [Common 17-55] 'set_property' expects at least one object. [C:/Users/pablo/Downloads/Basys3_Master.xdc:16]
Resolution: If [get_<value>] was used to populate the object, check to make sure this command returns at least one valid object.
WARNING: [Vivado 12-584] No ports matched 'A2'. [C:/Users/pablo/Downloads/Basys3_Master.xdc:17]
CRITICAL WARNING: [Common 17-55] 'set_property' expects at least one object. [C:/Users/pablo/Downloads/Basys3_Master.xdc:17]
Resolution: If [get_<value>] was used to populate the object, check to make sure this command returns at least one valid object.
WARNING: [Vivado 12-584] No ports matched 'A3'. [C:/Users/pablo/Downloads/Basys3_Master.xdc:18]
CRITICAL WARNING: [Common 17-55] 'set_property' expects at least one object. [C:/Users/pablo/Downloads/Basys3_Master.xdc:18]
Resolution: If [get_<value>] was used to populate the object, check to make sure this command returns at least one valid object.
WARNING: [Vivado 12-584] No ports matched 'A3'. [C:/Users/pablo/Downloads/Basys3_Master.xdc:19]
CRITICAL WARNING: [Common 17-55] 'set_property' expects at least one object. [C:/Users/pablo/Downloads/Basys3_Master.xdc:19]
Resolution: If [get_<value>] was used to populate the object, check to make sure this command returns at least one valid object.
WARNING: [Vivado 12-584] No ports matched 'S0'. [C:/Users/pablo/Downloads/Basys3_Master.xdc:22]
CRITICAL WARNING: [Common 17-55] 'set_property' expects at least one object. [C:/Users/pablo/Downloads/Basys3_Master.xdc:22]
Resolution: If [get_<value>] was used to populate the object, check to make sure this command returns at least one valid object.
WARNING: [Vivado 12-584] No ports matched 'S0'. [C:/Users/pablo/Downloads/Basys3_Master.xdc:23]
CRITICAL WARNING: [Common 17-55] 'set_property' expects at least one object. [C:/Users/pablo/Downloads/Basys3_Master.xdc:23]
Resolution: If [get_<value>] was used to populate the object, check to make sure this command returns at least one valid object.
WARNING: [Vivado 12-584] No ports matched 'S1'. [C:/Users/pablo/Downloads/Basys3_Master.xdc:24]
CRITICAL WARNING: [Common 17-55] 'set_property' expects at least one object. [C:/Users/pablo/Downloads/Basys3_Master.xdc:24]
Resolution: If [get_<value>] was used to populate the object, check to make sure this command returns at least one valid object.
WARNING: [Vivado 12-584] No ports matched 'S1'. [C:/Users/pablo/Downloads/Basys3_Master.xdc:25]
CRITICAL WARNING: [Common 17-55] 'set_property' expects at least one object. [C:/Users/pablo/Downloads/Basys3_Master.xdc:25]
Resolution: If [get_<value>] was used to populate the object, check to make sure this command returns at least one valid object.
WARNING: [Vivado 12-584] No ports matched 'input'. [C:/Users/pablo/Downloads/Basys3_Master.xdc:36]
CRITICAL WARNING: [Common 17-55] 'set_property' expects at least one object. [C:/Users/pablo/Downloads/Basys3_Master.xdc:36]
Resolution: If [get_<value>] was used to populate the object, check to make sure this command returns at least one valid object.
WARNING: [Vivado 12-584] No ports matched 'input'. [C:/Users/pablo/Downloads/Basys3_Master.xdc:37]
CRITICAL WARNING: [Common 17-55] 'set_property' expects at least one object. [C:/Users/pablo/Downloads/Basys3_Master.xdc:37]
Resolution: If [get_<value>] was used to populate the object, check to make sure this command returns at least one valid object.
WARNING: [Vivado 12-584] No ports matched 'output'. [C:/Users/pablo/Downloads/Basys3_Master.xdc:71]
CRITICAL WARNING: [Common 17-55] 'set_property' expects at least one object. [C:/Users/pablo/Downloads/Basys3_Master.xdc:71]
Resolution: If [get_<value>] was used to populate the object, check to make sure this command returns at least one valid object.
WARNING: [Vivado 12-584] No ports matched 'output'. [C:/Users/pablo/Downloads/Basys3_Master.xdc:72]
CRITICAL WARNING: [Common 17-55] 'set_property' expects at least one object. [C:/Users/pablo/Downloads/Basys3_Master.xdc:72]
Resolution: If [get_<value>] was used to populate the object, check to make sure this command returns at least one valid object.
WARNING: [Vivado 12-584] No ports matched 'a'. [C:/Users/pablo/Downloads/Basys3_Master.xdc:82]
CRITICAL WARNING: [Common 17-55] 'set_property' expects at least one object. [C:/Users/pablo/Downloads/Basys3_Master.xdc:82]
Resolution: If [get_<value>] was used to populate the object, check to make sure this command returns at least one valid object.
WARNING: [Vivado 12-584] No ports matched 'a'. [C:/Users/pablo/Downloads/Basys3_Master.xdc:83]
CRITICAL WARNING: [Common 17-55] 'set_property' expects at least one object. [C:/Users/pablo/Downloads/Basys3_Master.xdc:83]
Resolution: If [get_<value>] was used to populate the object, check to make sure this command returns at least one valid object.
WARNING: [Vivado 12-584] No ports matched 'b'. [C:/Users/pablo/Downloads/Basys3_Master.xdc:84]
CRITICAL WARNING: [Common 17-55] 'set_property' expects at least one object. [C:/Users/pablo/Downloads/Basys3_Master.xdc:84]
Resolution: If [get_<value>] was used to populate the object, check to make sure this command returns at least one valid object.
WARNING: [Vivado 12-584] No ports matched 'b'. [C:/Users/pablo/Downloads/Basys3_Master.xdc:85]
CRITICAL WARNING: [Common 17-55] 'set_property' expects at least one object. [C:/Users/pablo/Downloads/Basys3_Master.xdc:85]
Resolution: If [get_<value>] was used to populate the object, check to make sure this command returns at least one valid object.
WARNING: [Vivado 12-584] No ports matched 'c'. [C:/Users/pablo/Downloads/Basys3_Master.xdc:86]
CRITICAL WARNING: [Common 17-55] 'set_property' expects at least one object. [C:/Users/pablo/Downloads/Basys3_Master.xdc:86]
Resolution: If [get_<value>] was used to populate the object, check to make sure this command returns at least one valid object.
WARNING: [Vivado 12-584] No ports matched 'c'. [C:/Users/pablo/Downloads/Basys3_Master.xdc:87]
CRITICAL WARNING: [Common 17-55] 'set_property' expects at least one object. [C:/Users/pablo/Downloads/Basys3_Master.xdc:87]
Resolution: If [get_<value>] was used to populate the object, check to make sure this command returns at least one valid object.
WARNING: [Vivado 12-584] No ports matched 'd'. [C:/Users/pablo/Downloads/Basys3_Master.xdc:88]
CRITICAL WARNING: [Common 17-55] 'set_property' expects at least one object. [C:/Users/pablo/Downloads/Basys3_Master.xdc:88]
Resolution: If [get_<value>] was used to populate the object, check to make sure this command returns at least one valid object.
WARNING: [Vivado 12-584] No ports matched 'd'. [C:/Users/pablo/Downloads/Basys3_Master.xdc:89]
CRITICAL WARNING: [Common 17-55] 'set_property' expects at least one object. [C:/Users/pablo/Downloads/Basys3_Master.xdc:89]
Resolution: If [get_<value>] was used to populate the object, check to make sure this command returns at least one valid object.
WARNING: [Vivado 12-584] No ports matched 'e'. [C:/Users/pablo/Downloads/Basys3_Master.xdc:90]
CRITICAL WARNING: [Common 17-55] 'set_property' expects at least one object. [C:/Users/pablo/Downloads/Basys3_Master.xdc:90]
Resolution: If [get_<value>] was used to populate the object, check to make sure this command returns at least one valid object.
WARNING: [Vivado 12-584] No ports matched 'e'. [C:/Users/pablo/Downloads/Basys3_Master.xdc:91]
CRITICAL WARNING: [Common 17-55] 'set_property' expects at least one object. [C:/Users/pablo/Downloads/Basys3_Master.xdc:91]
Resolution: If [get_<value>] was used to populate the object, check to make sure this command returns at least one valid object.
WARNING: [Vivado 12-584] No ports matched 'f'. [C:/Users/pablo/Downloads/Basys3_Master.xdc:92]
CRITICAL WARNING: [Common 17-55] 'set_property' expects at least one object. [C:/Users/pablo/Downloads/Basys3_Master.xdc:92]
Resolution: If [get_<value>] was used to populate the object, check to make sure this command returns at least one valid object.
WARNING: [Vivado 12-584] No ports matched 'f'. [C:/Users/pablo/Downloads/Basys3_Master.xdc:93]
CRITICAL WARNING: [Common 17-55] 'set_property' expects at least one object. [C:/Users/pablo/Downloads/Basys3_Master.xdc:93]
Resolution: If [get_<value>] was used to populate the object, check to make sure this command returns at least one valid object.
WARNING: [Vivado 12-584] No ports matched 'g'. [C:/Users/pablo/Downloads/Basys3_Master.xdc:94]
CRITICAL WARNING: [Common 17-55] 'set_property' expects at least one object. [C:/Users/pablo/Downloads/Basys3_Master.xdc:94]
Resolution: If [get_<value>] was used to populate the object, check to make sure this command returns at least one valid object.
WARNING: [Vivado 12-584] No ports matched 'g'. [C:/Users/pablo/Downloads/Basys3_Master.xdc:95]
CRITICAL WARNING: [Common 17-55] 'set_property' expects at least one object. [C:/Users/pablo/Downloads/Basys3_Master.xdc:95]
Resolution: If [get_<value>] was used to populate the object, check to make sure this command returns at least one valid object.
WARNING: [Vivado 12-584] No ports matched 'point'. [C:/Users/pablo/Downloads/Basys3_Master.xdc:97]
CRITICAL WARNING: [Common 17-55] 'set_property' expects at least one object. [C:/Users/pablo/Downloads/Basys3_Master.xdc:97]
Resolution: If [get_<value>] was used to populate the object, check to make sure this command returns at least one valid object.
WARNING: [Vivado 12-584] No ports matched 'point'. [C:/Users/pablo/Downloads/Basys3_Master.xdc:98]
CRITICAL WARNING: [Common 17-55] 'set_property' expects at least one object. [C:/Users/pablo/Downloads/Basys3_Master.xdc:98]
Resolution: If [get_<value>] was used to populate the object, check to make sure this command returns at least one valid object.
WARNING: [Vivado 12-584] No ports matched 'SSEG_AN0'. [C:/Users/pablo/Downloads/Basys3_Master.xdc:100]
CRITICAL WARNING: [Common 17-55] 'set_property' expects at least one object. [C:/Users/pablo/Downloads/Basys3_Master.xdc:100]
Resolution: If [get_<value>] was used to populate the object, check to make sure this command returns at least one valid object.
WARNING: [Vivado 12-584] No ports matched 'SSEG_AN0'. [C:/Users/pablo/Downloads/Basys3_Master.xdc:101]
CRITICAL WARNING: [Common 17-55] 'set_property' expects at least one object. [C:/Users/pablo/Downloads/Basys3_Master.xdc:101]
Resolution: If [get_<value>] was used to populate the object, check to make sure this command returns at least one valid object.
WARNING: [Vivado 12-584] No ports matched 'SSEG_AN1'. [C:/Users/pablo/Downloads/Basys3_Master.xdc:102]
CRITICAL WARNING: [Common 17-55] 'set_property' expects at least one object. [C:/Users/pablo/Downloads/Basys3_Master.xdc:102]
Resolution: If [get_<value>] was used to populate the object, check to make sure this command returns at least one valid object.
WARNING: [Vivado 12-584] No ports matched 'SSEG_AN1'. [C:/Users/pablo/Downloads/Basys3_Master.xdc:103]
CRITICAL WARNING: [Common 17-55] 'set_property' expects at least one object. [C:/Users/pablo/Downloads/Basys3_Master.xdc:103]
Resolution: If [get_<value>] was used to populate the object, check to make sure this command returns at least one valid object.
WARNING: [Vivado 12-584] No ports matched 'SSEG_AN2'. [C:/Users/pablo/Downloads/Basys3_Master.xdc:104]
CRITICAL WARNING: [Common 17-55] 'set_property' expects at least one object. [C:/Users/pablo/Downloads/Basys3_Master.xdc:104]
Resolution: If [get_<value>] was used to populate the object, check to make sure this command returns at least one valid object.
WARNING: [Vivado 12-584] No ports matched 'SSEG_AN2'. [C:/Users/pablo/Downloads/Basys3_Master.xdc:105]
CRITICAL WARNING: [Common 17-55] 'set_property' expects at least one object. [C:/Users/pablo/Downloads/Basys3_Master.xdc:105]
Resolution: If [get_<value>] was used to populate the object, check to make sure this command returns at least one valid object.
WARNING: [Vivado 12-584] No ports matched 'SSEG_AN3'. [C:/Users/pablo/Downloads/Basys3_Master.xdc:106]
CRITICAL WARNING: [Common 17-55] 'set_property' expects at least one object. [C:/Users/pablo/Downloads/Basys3_Master.xdc:106]
Resolution: If [get_<value>] was used to populate the object, check to make sure this command returns at least one valid object.
WARNING: [Vivado 12-584] No ports matched 'SSEG_AN3'. [C:/Users/pablo/Downloads/Basys3_Master.xdc:107]
CRITICAL WARNING: [Common 17-55] 'set_property' expects at least one object. [C:/Users/pablo/Downloads/Basys3_Master.xdc:107]
Resolution: If [get_<value>] was used to populate the object, check to make sure this command returns at least one valid object.
WARNING: [Vivado 12-584] No ports matched 'output'. [C:/Users/pablo/Downloads/Basys3_Master.xdc:297]
CRITICAL WARNING: [Common 17-55] 'set_property' expects at least one object. [C:/Users/pablo/Downloads/Basys3_Master.xdc:297]
Resolution: If [get_<value>] was used to populate the object, check to make sure this command returns at least one valid object.
Finished Parsing XDC File [C:/Users/pablo/Downloads/Basys3_Master.xdc]
Completed Processing XDC Constraints

Netlist sorting complete. Time (s): cpu = 00:00:00 ; elapsed = 00:00:00 . Memory (MB): peak = 2886.898 ; gain = 0.000
INFO: [Project 1-111] Unisim Transformation Summary:
No Unisim elements were transformed.

RTL Elaboration Complete:  : Time (s): cpu = 00:00:51 ; elapsed = 00:00:35 . Memory (MB): peak = 2910.574 ; gain = 358.598
8 Infos, 44 Warnings, 41 Critical Warnings and 0 Errors encountered.
synth_design completed successfully
synth_design: Time (s): cpu = 00:00:57 ; elapsed = 00:01:00 . Memory (MB): peak = 2910.574 ; gain = 358.598
close_design
launch_simulation
Command: launch_simulation 
INFO: [Vivado 12-25911] Executing simulation for 'XSim' simulator
INFO: [Vivado 12-28535] Process started - Sat Apr 11 16:49:26 2026

INFO: [Vivado 12-12493] Simulation top is 'S7_Segmt'
INFO: [Vivado 12-5682] Launching behavioral simulation in 'C:/Users/pablo/Documents/Vivado Projects/cable_display7segment/cable_display7segment.sim/sim_1/behav/xsim'
INFO: [SIM-utils-51] Simulation object is 'sim_1'
INFO: [SIM-utils-72] Using boost library from 'C:/AMDDesignTools/2025.2/Vivado/tps/boost_1_72_0'
INFO: [SIM-utils-54] Inspecting design source files for 'S7_Segmt' in fileset 'sim_1'...
INFO: [USF-XSim-97] Finding global include files...
INFO: [USF-XSim-98] Fetching design files from 'sim_1'...
INFO: [USF-XSim-2] XSim::Compile design
INFO: [USF-XSim-61] Executing 'COMPILE and ANALYZE' step in 'C:/Users/pablo/Documents/Vivado Projects/cable_display7segment/cable_display7segment.sim/sim_1/behav/xsim'
"xvhdl --incr --relax -prj S7_Segmt_vhdl.prj"
INFO: [VRFC 10-163] Analyzing VHDL file "C:/Users/pablo/Documents/Vivado Projects/cable_display7segment/cable_display7segment.srcs/sources_1/new/S7_Segmt.vhd" into library xil_defaultlib
INFO: [VRFC 10-3107] analyzing entity 'cable'
INFO: [VRFC 10-3107] analyzing entity 'S7_Segmt'
INFO: [VRFC 10-3107] analyzing entity 'test'
INFO: [USF-XSim-69] 'compile' step finished in '3' seconds
INFO: [USF-XSim-3] XSim::Elaborate design
INFO: [USF-XSim-61] Executing 'ELABORATE' step in 'C:/Users/pablo/Documents/Vivado Projects/cable_display7segment/cable_display7segment.sim/sim_1/behav/xsim'
"xelab --incr --debug typical --relax --mt 2 -L xil_defaultlib -L secureip --snapshot S7_Segmt_behav xil_defaultlib.S7_Segmt -log elaborate.log"
Vivado Simulator v2025.2
Copyright 1986-2022 Xilinx, Inc. All Rights Reserved.
Copyright 2022-2025 Advanced Micro Devices, Inc. All Rights Reserved.
Running: C:/AMDDesignTools/2025.2/Vivado/bin/unwrapped/win64.o/xelab.exe --incr --debug typical --relax --mt 2 -L xil_defaultlib -L secureip --snapshot S7_Segmt_behav xil_defaultlib.S7_Segmt -log elaborate.log 
Using 2 slave threads.
Starting static elaboration
Completed static elaboration
Starting simulation data flow analysis
Completed simulation data flow analysis
Time Resolution for simulation is 1ps
Compiling package std.standard
Compiling package std.textio
Compiling package ieee.std_logic_1164
Compiling architecture behavioral of entity xil_defaultlib.s7_segmt
Built simulation snapshot S7_Segmt_behav
INFO: [USF-XSim-69] 'elaborate' step finished in '4' seconds
INFO: [USF-XSim-4] XSim::Simulate design
INFO: [USF-XSim-61] Executing 'SIMULATE' step in 'C:/Users/pablo/Documents/Vivado Projects/cable_display7segment/cable_display7segment.sim/sim_1/behav/xsim'
INFO: [USF-XSim-98] *** Running xsim
   with args "S7_Segmt_behav -key {Behavioral:sim_1:Functional:S7_Segmt} -tclbatch {S7_Segmt.tcl} -log {simulate.log}"
INFO: [USF-XSim-8] Loading simulator feature
Time resolution is 1 ps
source S7_Segmt.tcl
# set curr_wave [current_wave_config]
# if { [string length $curr_wave] == 0 } {
#   if { [llength [get_objects]] > 0} {
#     add_wave /
#     set_property needs_save false [current_wave_config]
#   } else {
#      send_msg_id Add_Wave-1 WARNING "No top level signals found. Simulator will start without a wave window. If you want to open a wave window go to 'File->New Waveform Configuration' or type 'create_wave_config' in the TCL console."
#   }
# }
# run 1000ns
INFO: [USF-XSim-96] XSim completed. Design snapshot 'S7_Segmt_behav' loaded.
INFO: [USF-XSim-97] XSim simulation ran for 1000ns
launch_simulation: Time (s): cpu = 00:00:08 ; elapsed = 00:00:12 . Memory (MB): peak = 3042.520 ; gain = 0.000
restart
INFO: [Wavedata 42-604] Simulation restarted
run all
run 80 ns
close_sim
INFO: [Simtcl 6-16] Simulation closed
synth_design -top test -part xc7a35tcpg236-1 -lint 
Command: synth_design -top test -part xc7a35tcpg236-1 -lint
Starting synth_design
Attempting to get a license for feature 'Synthesis' and/or device 'xc7a35t'
INFO: [Common 17-349] Got license for feature 'Synthesis' and/or device 'xc7a35t'
INFO: [Synth 8-7079] Multithreading enabled for synth_design using a maximum of 2 processes.
---------------------------------------------------------------------------------
Starting Synthesize : Time (s): cpu = 00:00:14 ; elapsed = 00:00:14 . Memory (MB): peak = 3042.520 ; gain = 0.000
---------------------------------------------------------------------------------
Clean up Linter database...
INFO: [Synth 8-638] synthesizing module 'test' [C:/Users/pablo/Documents/Vivado Projects/cable_display7segment/cable_display7segment.srcs/sources_1/new/S7_Segmt.vhd:133]
INFO: [Synth 8-638] synthesizing module 'S7_Segmt_behavioral' [C:/Users/pablo/Documents/Vivado Projects/cable_display7segment/cable_display7segment.srcs/sources_1/new/S7_Segmt.vhd:75]
INFO: [Synth 8-226] default block is never used [C:/Users/pablo/Documents/Vivado Projects/cable_display7segment/cable_display7segment.srcs/sources_1/new/S7_Segmt.vhd:84]
INFO: [Synth 8-226] default block is never used [C:/Users/pablo/Documents/Vivado Projects/cable_display7segment/cable_display7segment.srcs/sources_1/new/S7_Segmt.vhd:91]
WARNING: [Synth 8-3848] Net selDigit in module/entity S7_Segmt_behavioral does not have driver. [C:/Users/pablo/Documents/Vivado Projects/cable_display7segment/cable_display7segment.srcs/sources_1/new/S7_Segmt.vhd:78]
INFO: [Synth 8-256] done synthesizing module 'S7_Segmt_behavioral' (1#1) [C:/Users/pablo/Documents/Vivado Projects/cable_display7segment/cable_display7segment.srcs/sources_1/new/S7_Segmt.vhd:75]
WARNING: [Synth 8-312] ignoring unsynthesizable construct: wait statement with no conditon [C:/Users/pablo/Documents/Vivado Projects/cable_display7segment/cable_display7segment.srcs/sources_1/new/S7_Segmt.vhd:150]
WARNING: [Synth 8-312] ignoring unsynthesizable construct: wait statement with no conditon [C:/Users/pablo/Documents/Vivado Projects/cable_display7segment/cable_display7segment.srcs/sources_1/new/S7_Segmt.vhd:155]
WARNING: [Synth 8-312] ignoring unsynthesizable construct: wait statement with no conditon [C:/Users/pablo/Documents/Vivado Projects/cable_display7segment/cable_display7segment.srcs/sources_1/new/S7_Segmt.vhd:160]
INFO: [Synth 8-256] done synthesizing module 'test' (2#1) [C:/Users/pablo/Documents/Vivado Projects/cable_display7segment/cable_display7segment.srcs/sources_1/new/S7_Segmt.vhd:133]
---------------------------------------------------------------------------------
Finished Synthesize : Time (s): cpu = 00:00:19 ; elapsed = 00:00:19 . Memory (MB): peak = 3042.520 ; gain = 0.000
---------------------------------------------------------------------------------
Copyright 1986-2022 Xilinx, Inc. All Rights Reserved. Copyright 2022-2025 Advanced Micro Devices, Inc. All Rights Reserved.
---------------------------------------------------------------------------------------------------------------------------------------------
| Tool Version : Vivado v.2025.2 (win64) Build 6299465 Fri Nov 14 19:35:11 GMT 2025
| Date         : Sat Apr 11 16:56:05 2026
| Host         : PABLO running 64-bit major release  (build 9200)
---------------------------------------------------------------------------------------------------------------------------------------------

RTL Linter Report

Table of Contents
-----------------
1. Summary

1. Summary
----------

+-----------+----------+--------------+----------+
| Rule ID   | Severity | # Violations | # Waived |
+-----------+----------+--------------+----------+
| ASSIGN-5  | WARNING  | 1            | 0        |
| ASSIGN-6  | WARNING  | 12           | 0        |
| ASSIGN-10 | WARNING  | 4            | 0        |
+-----------+----------+--------------+----------+


WARNING: [Synth 37-124] [ASSIGN-5]Some bits in 'selDigit' are not set. First unset bit index is 0. 
RTL Name 'selDigit', Hierarchy 'S7_Segmt_behavioral', File 'S7_Segmt.vhd', Line 78.
WARNING: [Synth 37-93] [ASSIGN-6]Signal 'SSEG_AN0_S' was assigned but not read. 
RTL Name 'SSEG_AN0_S', Hierarchy 'test', File 'C:/Users/pablo/Documents/Vivado Projects/cable_display7segment/cable_display7segment.srcs/sources_1/new/S7_Segmt.vhd', Line 135.
WARNING: [Synth 37-93] [ASSIGN-6]Signal 'SSEG_AN1_S' was assigned but not read. 
RTL Name 'SSEG_AN1_S', Hierarchy 'test', File 'C:/Users/pablo/Documents/Vivado Projects/cable_display7segment/cable_display7segment.srcs/sources_1/new/S7_Segmt.vhd', Line 135.
WARNING: [Synth 37-93] [ASSIGN-6]Signal 'SSEG_AN2_S' was assigned but not read. 
RTL Name 'SSEG_AN2_S', Hierarchy 'test', File 'C:/Users/pablo/Documents/Vivado Projects/cable_display7segment/cable_display7segment.srcs/sources_1/new/S7_Segmt.vhd', Line 135.
WARNING: [Synth 37-93] [ASSIGN-6]Signal 'SSEG_AN3_S' was assigned but not read. 
RTL Name 'SSEG_AN3_S', Hierarchy 'test', File 'C:/Users/pablo/Documents/Vivado Projects/cable_display7segment/cable_display7segment.srcs/sources_1/new/S7_Segmt.vhd', Line 135.
WARNING: [Synth 37-93] [ASSIGN-6]Signal 'a_S' was assigned but not read. 
RTL Name 'a_S', Hierarchy 'test', File 'C:/Users/pablo/Documents/Vivado Projects/cable_display7segment/cable_display7segment.srcs/sources_1/new/S7_Segmt.vhd', Line 135.
WARNING: [Synth 37-93] [ASSIGN-6]Signal 'b_S' was assigned but not read. 
RTL Name 'b_S', Hierarchy 'test', File 'C:/Users/pablo/Documents/Vivado Projects/cable_display7segment/cable_display7segment.srcs/sources_1/new/S7_Segmt.vhd', Line 135.
WARNING: [Synth 37-93] [ASSIGN-6]Signal 'c_S' was assigned but not read. 
RTL Name 'c_S', Hierarchy 'test', File 'C:/Users/pablo/Documents/Vivado Projects/cable_display7segment/cable_display7segment.srcs/sources_1/new/S7_Segmt.vhd', Line 135.
WARNING: [Synth 37-93] [ASSIGN-6]Signal 'd_S' was assigned but not read. 
RTL Name 'd_S', Hierarchy 'test', File 'C:/Users/pablo/Documents/Vivado Projects/cable_display7segment/cable_display7segment.srcs/sources_1/new/S7_Segmt.vhd', Line 135.
WARNING: [Synth 37-93] [ASSIGN-6]Signal 'e_S' was assigned but not read. 
RTL Name 'e_S', Hierarchy 'test', File 'C:/Users/pablo/Documents/Vivado Projects/cable_display7segment/cable_display7segment.srcs/sources_1/new/S7_Segmt.vhd', Line 135.
WARNING: [Synth 37-93] [ASSIGN-6]Signal 'f_S' was assigned but not read. 
RTL Name 'f_S', Hierarchy 'test', File 'C:/Users/pablo/Documents/Vivado Projects/cable_display7segment/cable_display7segment.srcs/sources_1/new/S7_Segmt.vhd', Line 135.
WARNING: [Synth 37-93] [ASSIGN-6]Signal 'g_S' was assigned but not read. 
RTL Name 'g_S', Hierarchy 'test', File 'C:/Users/pablo/Documents/Vivado Projects/cable_display7segment/cable_display7segment.srcs/sources_1/new/S7_Segmt.vhd', Line 135.
WARNING: [Synth 37-93] [ASSIGN-6]Signal 'point_S' was assigned but not read. 
RTL Name 'point_S', Hierarchy 'test', File 'C:/Users/pablo/Documents/Vivado Projects/cable_display7segment/cable_display7segment.srcs/sources_1/new/S7_Segmt.vhd', Line 135.
WARNING: [Synth 37-125] [ASSIGN-10]Some bits in IO 'A0' are not read. First unread bit index is 0. 
RTL Name 'A0', Hierarchy 'S7_Segmt_behavioral', File 'S7_Segmt.vhd', Line 47.
WARNING: [Synth 37-125] [ASSIGN-10]Some bits in IO 'A1' are not read. First unread bit index is 0. 
RTL Name 'A1', Hierarchy 'S7_Segmt_behavioral', File 'S7_Segmt.vhd', Line 47.
WARNING: [Synth 37-125] [ASSIGN-10]Some bits in IO 'A2' are not read. First unread bit index is 0. 
RTL Name 'A2', Hierarchy 'S7_Segmt_behavioral', File 'S7_Segmt.vhd', Line 47.
WARNING: [Synth 37-125] [ASSIGN-10]Some bits in IO 'A3' are not read. First unread bit index is 0. 
RTL Name 'A3', Hierarchy 'S7_Segmt_behavioral', File 'S7_Segmt.vhd', Line 47.
INFO: [Synth 37-85] Total of 17 linter message(s) generated.
INFO: [Synth 37-45] Linter Run Finished!
Synthesis Optimization Runtime : Time (s): cpu = 00:00:19 ; elapsed = 00:00:19 . Memory (MB): peak = 3042.520 ; gain = 0.000
INFO: [Common 17-83] Releasing license: Synthesis
11 Infos, 21 Warnings, 0 Critical Warnings and 0 Errors encountered.
synth_design completed successfully
synth_design: Time (s): cpu = 00:00:20 ; elapsed = 00:00:19 . Memory (MB): peak = 3042.520 ; gain = 0.000
synth_design -rtl -rtl_skip_mlo -name rtl_1
Command: synth_design -rtl -rtl_skip_mlo -name rtl_1
Starting synth_design
Using part: xc7a35tcpg236-1
Top: test
INFO: [Synth 8-7079] Multithreading enabled for synth_design using a maximum of 2 processes.
---------------------------------------------------------------------------------
Starting RTL Elaboration : Time (s): cpu = 00:00:09 ; elapsed = 00:00:09 . Memory (MB): peak = 3774.699 ; gain = 19.895
---------------------------------------------------------------------------------
INFO: [Synth 8-638] synthesizing module 'test' [C:/Users/pablo/Documents/Vivado Projects/cable_display7segment/cable_display7segment.srcs/sources_1/new/S7_Segmt.vhd:133]
INFO: [Synth 8-638] synthesizing module 'S7_Segmt_behavioral' [C:/Users/pablo/Documents/Vivado Projects/cable_display7segment/cable_display7segment.srcs/sources_1/new/S7_Segmt.vhd:75]
INFO: [Synth 8-226] default block is never used [C:/Users/pablo/Documents/Vivado Projects/cable_display7segment/cable_display7segment.srcs/sources_1/new/S7_Segmt.vhd:84]
INFO: [Synth 8-226] default block is never used [C:/Users/pablo/Documents/Vivado Projects/cable_display7segment/cable_display7segment.srcs/sources_1/new/S7_Segmt.vhd:91]
INFO: [Synth 8-256] done synthesizing module 'S7_Segmt_behavioral' (0#1) [C:/Users/pablo/Documents/Vivado Projects/cable_display7segment/cable_display7segment.srcs/sources_1/new/S7_Segmt.vhd:75]
WARNING: [Synth 8-312] ignoring unsynthesizable construct: wait statement with no conditon [C:/Users/pablo/Documents/Vivado Projects/cable_display7segment/cable_display7segment.srcs/sources_1/new/S7_Segmt.vhd:150]
WARNING: [Synth 8-312] ignoring unsynthesizable construct: wait statement with no conditon [C:/Users/pablo/Documents/Vivado Projects/cable_display7segment/cable_display7segment.srcs/sources_1/new/S7_Segmt.vhd:155]
WARNING: [Synth 8-312] ignoring unsynthesizable construct: wait statement with no conditon [C:/Users/pablo/Documents/Vivado Projects/cable_display7segment/cable_display7segment.srcs/sources_1/new/S7_Segmt.vhd:160]
INFO: [Synth 8-256] done synthesizing module 'test' (0#1) [C:/Users/pablo/Documents/Vivado Projects/cable_display7segment/cable_display7segment.srcs/sources_1/new/S7_Segmt.vhd:133]
WARNING: [Synth 8-3848] Net selDigit in module/entity S7_Segmt_behavioral does not have driver. [C:/Users/pablo/Documents/Vivado Projects/cable_display7segment/cable_display7segment.srcs/sources_1/new/S7_Segmt.vhd:78]
---------------------------------------------------------------------------------
Finished RTL Elaboration : Time (s): cpu = 00:00:12 ; elapsed = 00:00:12 . Memory (MB): peak = 3795.137 ; gain = 40.332
---------------------------------------------------------------------------------
---------------------------------------------------------------------------------
Start Handling Custom Attributes
---------------------------------------------------------------------------------
---------------------------------------------------------------------------------
Finished Handling Custom Attributes : Time (s): cpu = 00:00:12 ; elapsed = 00:00:12 . Memory (MB): peak = 3818.934 ; gain = 64.129
---------------------------------------------------------------------------------
---------------------------------------------------------------------------------
Finished RTL Optimization Phase 1 : Time (s): cpu = 00:00:12 ; elapsed = 00:00:12 . Memory (MB): peak = 3818.934 ; gain = 64.129
---------------------------------------------------------------------------------
Netlist sorting complete. Time (s): cpu = 00:00:00 ; elapsed = 00:00:00.001 . Memory (MB): peak = 3818.934 ; gain = 0.000
INFO: [Project 1-570] Preparing netlist for logic optimization

Processing XDC Constraints
Initializing timing engine
Parsing XDC File [C:/Users/pablo/Downloads/Basys3_Master.xdc]
WARNING: [Vivado 12-584] No ports matched 'A0'. [C:/Users/pablo/Downloads/Basys3_Master.xdc:12]
CRITICAL WARNING: [Common 17-55] 'set_property' expects at least one object. [C:/Users/pablo/Downloads/Basys3_Master.xdc:12]
Resolution: If [get_<value>] was used to populate the object, check to make sure this command returns at least one valid object.
WARNING: [Vivado 12-584] No ports matched 'A0'. [C:/Users/pablo/Downloads/Basys3_Master.xdc:13]
CRITICAL WARNING: [Common 17-55] 'set_property' expects at least one object. [C:/Users/pablo/Downloads/Basys3_Master.xdc:13]
Resolution: If [get_<value>] was used to populate the object, check to make sure this command returns at least one valid object.
WARNING: [Vivado 12-584] No ports matched 'A1'. [C:/Users/pablo/Downloads/Basys3_Master.xdc:14]
CRITICAL WARNING: [Common 17-55] 'set_property' expects at least one object. [C:/Users/pablo/Downloads/Basys3_Master.xdc:14]
Resolution: If [get_<value>] was used to populate the object, check to make sure this command returns at least one valid object.
WARNING: [Vivado 12-584] No ports matched 'A1'. [C:/Users/pablo/Downloads/Basys3_Master.xdc:15]
CRITICAL WARNING: [Common 17-55] 'set_property' expects at least one object. [C:/Users/pablo/Downloads/Basys3_Master.xdc:15]
Resolution: If [get_<value>] was used to populate the object, check to make sure this command returns at least one valid object.
WARNING: [Vivado 12-584] No ports matched 'A2'. [C:/Users/pablo/Downloads/Basys3_Master.xdc:16]
CRITICAL WARNING: [Common 17-55] 'set_property' expects at least one object. [C:/Users/pablo/Downloads/Basys3_Master.xdc:16]
Resolution: If [get_<value>] was used to populate the object, check to make sure this command returns at least one valid object.
WARNING: [Vivado 12-584] No ports matched 'A2'. [C:/Users/pablo/Downloads/Basys3_Master.xdc:17]
CRITICAL WARNING: [Common 17-55] 'set_property' expects at least one object. [C:/Users/pablo/Downloads/Basys3_Master.xdc:17]
Resolution: If [get_<value>] was used to populate the object, check to make sure this command returns at least one valid object.
WARNING: [Vivado 12-584] No ports matched 'A3'. [C:/Users/pablo/Downloads/Basys3_Master.xdc:18]
CRITICAL WARNING: [Common 17-55] 'set_property' expects at least one object. [C:/Users/pablo/Downloads/Basys3_Master.xdc:18]
Resolution: If [get_<value>] was used to populate the object, check to make sure this command returns at least one valid object.
WARNING: [Vivado 12-584] No ports matched 'A3'. [C:/Users/pablo/Downloads/Basys3_Master.xdc:19]
CRITICAL WARNING: [Common 17-55] 'set_property' expects at least one object. [C:/Users/pablo/Downloads/Basys3_Master.xdc:19]
Resolution: If [get_<value>] was used to populate the object, check to make sure this command returns at least one valid object.
WARNING: [Vivado 12-584] No ports matched 'S0'. [C:/Users/pablo/Downloads/Basys3_Master.xdc:22]
CRITICAL WARNING: [Common 17-55] 'set_property' expects at least one object. [C:/Users/pablo/Downloads/Basys3_Master.xdc:22]
Resolution: If [get_<value>] was used to populate the object, check to make sure this command returns at least one valid object.
WARNING: [Vivado 12-584] No ports matched 'S0'. [C:/Users/pablo/Downloads/Basys3_Master.xdc:23]
CRITICAL WARNING: [Common 17-55] 'set_property' expects at least one object. [C:/Users/pablo/Downloads/Basys3_Master.xdc:23]
Resolution: If [get_<value>] was used to populate the object, check to make sure this command returns at least one valid object.
WARNING: [Vivado 12-584] No ports matched 'S1'. [C:/Users/pablo/Downloads/Basys3_Master.xdc:24]
CRITICAL WARNING: [Common 17-55] 'set_property' expects at least one object. [C:/Users/pablo/Downloads/Basys3_Master.xdc:24]
Resolution: If [get_<value>] was used to populate the object, check to make sure this command returns at least one valid object.
WARNING: [Vivado 12-584] No ports matched 'S1'. [C:/Users/pablo/Downloads/Basys3_Master.xdc:25]
CRITICAL WARNING: [Common 17-55] 'set_property' expects at least one object. [C:/Users/pablo/Downloads/Basys3_Master.xdc:25]
Resolution: If [get_<value>] was used to populate the object, check to make sure this command returns at least one valid object.
WARNING: [Vivado 12-584] No ports matched 'input'. [C:/Users/pablo/Downloads/Basys3_Master.xdc:36]
CRITICAL WARNING: [Common 17-55] 'set_property' expects at least one object. [C:/Users/pablo/Downloads/Basys3_Master.xdc:36]
Resolution: If [get_<value>] was used to populate the object, check to make sure this command returns at least one valid object.
WARNING: [Vivado 12-584] No ports matched 'input'. [C:/Users/pablo/Downloads/Basys3_Master.xdc:37]
CRITICAL WARNING: [Common 17-55] 'set_property' expects at least one object. [C:/Users/pablo/Downloads/Basys3_Master.xdc:37]
Resolution: If [get_<value>] was used to populate the object, check to make sure this command returns at least one valid object.
WARNING: [Vivado 12-584] No ports matched 'output'. [C:/Users/pablo/Downloads/Basys3_Master.xdc:71]
CRITICAL WARNING: [Common 17-55] 'set_property' expects at least one object. [C:/Users/pablo/Downloads/Basys3_Master.xdc:71]
Resolution: If [get_<value>] was used to populate the object, check to make sure this command returns at least one valid object.
WARNING: [Vivado 12-584] No ports matched 'output'. [C:/Users/pablo/Downloads/Basys3_Master.xdc:72]
CRITICAL WARNING: [Common 17-55] 'set_property' expects at least one object. [C:/Users/pablo/Downloads/Basys3_Master.xdc:72]
Resolution: If [get_<value>] was used to populate the object, check to make sure this command returns at least one valid object.
WARNING: [Vivado 12-584] No ports matched 'a'. [C:/Users/pablo/Downloads/Basys3_Master.xdc:82]
CRITICAL WARNING: [Common 17-55] 'set_property' expects at least one object. [C:/Users/pablo/Downloads/Basys3_Master.xdc:82]
Resolution: If [get_<value>] was used to populate the object, check to make sure this command returns at least one valid object.
WARNING: [Vivado 12-584] No ports matched 'a'. [C:/Users/pablo/Downloads/Basys3_Master.xdc:83]
CRITICAL WARNING: [Common 17-55] 'set_property' expects at least one object. [C:/Users/pablo/Downloads/Basys3_Master.xdc:83]
Resolution: If [get_<value>] was used to populate the object, check to make sure this command returns at least one valid object.
WARNING: [Vivado 12-584] No ports matched 'b'. [C:/Users/pablo/Downloads/Basys3_Master.xdc:84]
CRITICAL WARNING: [Common 17-55] 'set_property' expects at least one object. [C:/Users/pablo/Downloads/Basys3_Master.xdc:84]
Resolution: If [get_<value>] was used to populate the object, check to make sure this command returns at least one valid object.
WARNING: [Vivado 12-584] No ports matched 'b'. [C:/Users/pablo/Downloads/Basys3_Master.xdc:85]
CRITICAL WARNING: [Common 17-55] 'set_property' expects at least one object. [C:/Users/pablo/Downloads/Basys3_Master.xdc:85]
Resolution: If [get_<value>] was used to populate the object, check to make sure this command returns at least one valid object.
WARNING: [Vivado 12-584] No ports matched 'c'. [C:/Users/pablo/Downloads/Basys3_Master.xdc:86]
CRITICAL WARNING: [Common 17-55] 'set_property' expects at least one object. [C:/Users/pablo/Downloads/Basys3_Master.xdc:86]
Resolution: If [get_<value>] was used to populate the object, check to make sure this command returns at least one valid object.
WARNING: [Vivado 12-584] No ports matched 'c'. [C:/Users/pablo/Downloads/Basys3_Master.xdc:87]
CRITICAL WARNING: [Common 17-55] 'set_property' expects at least one object. [C:/Users/pablo/Downloads/Basys3_Master.xdc:87]
Resolution: If [get_<value>] was used to populate the object, check to make sure this command returns at least one valid object.
WARNING: [Vivado 12-584] No ports matched 'd'. [C:/Users/pablo/Downloads/Basys3_Master.xdc:88]
CRITICAL WARNING: [Common 17-55] 'set_property' expects at least one object. [C:/Users/pablo/Downloads/Basys3_Master.xdc:88]
Resolution: If [get_<value>] was used to populate the object, check to make sure this command returns at least one valid object.
WARNING: [Vivado 12-584] No ports matched 'd'. [C:/Users/pablo/Downloads/Basys3_Master.xdc:89]
CRITICAL WARNING: [Common 17-55] 'set_property' expects at least one object. [C:/Users/pablo/Downloads/Basys3_Master.xdc:89]
Resolution: If [get_<value>] was used to populate the object, check to make sure this command returns at least one valid object.
WARNING: [Vivado 12-584] No ports matched 'e'. [C:/Users/pablo/Downloads/Basys3_Master.xdc:90]
CRITICAL WARNING: [Common 17-55] 'set_property' expects at least one object. [C:/Users/pablo/Downloads/Basys3_Master.xdc:90]
Resolution: If [get_<value>] was used to populate the object, check to make sure this command returns at least one valid object.
WARNING: [Vivado 12-584] No ports matched 'e'. [C:/Users/pablo/Downloads/Basys3_Master.xdc:91]
CRITICAL WARNING: [Common 17-55] 'set_property' expects at least one object. [C:/Users/pablo/Downloads/Basys3_Master.xdc:91]
Resolution: If [get_<value>] was used to populate the object, check to make sure this command returns at least one valid object.
WARNING: [Vivado 12-584] No ports matched 'f'. [C:/Users/pablo/Downloads/Basys3_Master.xdc:92]
CRITICAL WARNING: [Common 17-55] 'set_property' expects at least one object. [C:/Users/pablo/Downloads/Basys3_Master.xdc:92]
Resolution: If [get_<value>] was used to populate the object, check to make sure this command returns at least one valid object.
WARNING: [Vivado 12-584] No ports matched 'f'. [C:/Users/pablo/Downloads/Basys3_Master.xdc:93]
CRITICAL WARNING: [Common 17-55] 'set_property' expects at least one object. [C:/Users/pablo/Downloads/Basys3_Master.xdc:93]
Resolution: If [get_<value>] was used to populate the object, check to make sure this command returns at least one valid object.
WARNING: [Vivado 12-584] No ports matched 'g'. [C:/Users/pablo/Downloads/Basys3_Master.xdc:94]
CRITICAL WARNING: [Common 17-55] 'set_property' expects at least one object. [C:/Users/pablo/Downloads/Basys3_Master.xdc:94]
Resolution: If [get_<value>] was used to populate the object, check to make sure this command returns at least one valid object.
WARNING: [Vivado 12-584] No ports matched 'g'. [C:/Users/pablo/Downloads/Basys3_Master.xdc:95]
CRITICAL WARNING: [Common 17-55] 'set_property' expects at least one object. [C:/Users/pablo/Downloads/Basys3_Master.xdc:95]
Resolution: If [get_<value>] was used to populate the object, check to make sure this command returns at least one valid object.
WARNING: [Vivado 12-584] No ports matched 'point'. [C:/Users/pablo/Downloads/Basys3_Master.xdc:97]
CRITICAL WARNING: [Common 17-55] 'set_property' expects at least one object. [C:/Users/pablo/Downloads/Basys3_Master.xdc:97]
Resolution: If [get_<value>] was used to populate the object, check to make sure this command returns at least one valid object.
WARNING: [Vivado 12-584] No ports matched 'point'. [C:/Users/pablo/Downloads/Basys3_Master.xdc:98]
CRITICAL WARNING: [Common 17-55] 'set_property' expects at least one object. [C:/Users/pablo/Downloads/Basys3_Master.xdc:98]
Resolution: If [get_<value>] was used to populate the object, check to make sure this command returns at least one valid object.
WARNING: [Vivado 12-584] No ports matched 'SSEG_AN0'. [C:/Users/pablo/Downloads/Basys3_Master.xdc:100]
CRITICAL WARNING: [Common 17-55] 'set_property' expects at least one object. [C:/Users/pablo/Downloads/Basys3_Master.xdc:100]
Resolution: If [get_<value>] was used to populate the object, check to make sure this command returns at least one valid object.
WARNING: [Vivado 12-584] No ports matched 'SSEG_AN0'. [C:/Users/pablo/Downloads/Basys3_Master.xdc:101]
CRITICAL WARNING: [Common 17-55] 'set_property' expects at least one object. [C:/Users/pablo/Downloads/Basys3_Master.xdc:101]
Resolution: If [get_<value>] was used to populate the object, check to make sure this command returns at least one valid object.
WARNING: [Vivado 12-584] No ports matched 'SSEG_AN1'. [C:/Users/pablo/Downloads/Basys3_Master.xdc:102]
CRITICAL WARNING: [Common 17-55] 'set_property' expects at least one object. [C:/Users/pablo/Downloads/Basys3_Master.xdc:102]
Resolution: If [get_<value>] was used to populate the object, check to make sure this command returns at least one valid object.
WARNING: [Vivado 12-584] No ports matched 'SSEG_AN1'. [C:/Users/pablo/Downloads/Basys3_Master.xdc:103]
CRITICAL WARNING: [Common 17-55] 'set_property' expects at least one object. [C:/Users/pablo/Downloads/Basys3_Master.xdc:103]
Resolution: If [get_<value>] was used to populate the object, check to make sure this command returns at least one valid object.
WARNING: [Vivado 12-584] No ports matched 'SSEG_AN2'. [C:/Users/pablo/Downloads/Basys3_Master.xdc:104]
CRITICAL WARNING: [Common 17-55] 'set_property' expects at least one object. [C:/Users/pablo/Downloads/Basys3_Master.xdc:104]
Resolution: If [get_<value>] was used to populate the object, check to make sure this command returns at least one valid object.
WARNING: [Vivado 12-584] No ports matched 'SSEG_AN2'. [C:/Users/pablo/Downloads/Basys3_Master.xdc:105]
CRITICAL WARNING: [Common 17-55] 'set_property' expects at least one object. [C:/Users/pablo/Downloads/Basys3_Master.xdc:105]
Resolution: If [get_<value>] was used to populate the object, check to make sure this command returns at least one valid object.
WARNING: [Vivado 12-584] No ports matched 'SSEG_AN3'. [C:/Users/pablo/Downloads/Basys3_Master.xdc:106]
CRITICAL WARNING: [Common 17-55] 'set_property' expects at least one object. [C:/Users/pablo/Downloads/Basys3_Master.xdc:106]
Resolution: If [get_<value>] was used to populate the object, check to make sure this command returns at least one valid object.
WARNING: [Vivado 12-584] No ports matched 'SSEG_AN3'. [C:/Users/pablo/Downloads/Basys3_Master.xdc:107]
CRITICAL WARNING: [Common 17-55] 'set_property' expects at least one object. [C:/Users/pablo/Downloads/Basys3_Master.xdc:107]
Resolution: If [get_<value>] was used to populate the object, check to make sure this command returns at least one valid object.
WARNING: [Vivado 12-584] No ports matched 'output'. [C:/Users/pablo/Downloads/Basys3_Master.xdc:297]
CRITICAL WARNING: [Common 17-55] 'set_property' expects at least one object. [C:/Users/pablo/Downloads/Basys3_Master.xdc:297]
Resolution: If [get_<value>] was used to populate the object, check to make sure this command returns at least one valid object.
Finished Parsing XDC File [C:/Users/pablo/Downloads/Basys3_Master.xdc]
Completed Processing XDC Constraints

Netlist sorting complete. Time (s): cpu = 00:00:00 ; elapsed = 00:00:00 . Memory (MB): peak = 3826.930 ; gain = 0.000
INFO: [Project 1-111] Unisim Transformation Summary:
No Unisim elements were transformed.

RTL Elaboration Complete:  : Time (s): cpu = 00:00:20 ; elapsed = 00:00:17 . Memory (MB): peak = 3826.930 ; gain = 72.125
9 Infos, 45 Warnings, 41 Critical Warnings and 0 Errors encountered.
synth_design completed successfully
synth_design: Time (s): cpu = 00:00:20 ; elapsed = 00:00:17 . Memory (MB): peak = 3826.930 ; gain = 72.125
synth_design -top test -part xc7a35tcpg236-1 -lint 
Command: synth_design -top test -part xc7a35tcpg236-1 -lint
Starting synth_design
Attempting to get a license for feature 'Synthesis' and/or device 'xc7a35t'
INFO: [Common 17-349] Got license for feature 'Synthesis' and/or device 'xc7a35t'
INFO: [Synth 8-7079] Multithreading enabled for synth_design using a maximum of 2 processes.
---------------------------------------------------------------------------------
Starting Synthesize : Time (s): cpu = 00:00:09 ; elapsed = 00:00:09 . Memory (MB): peak = 3826.930 ; gain = 0.000
---------------------------------------------------------------------------------
Clean up Linter database...
INFO: [Synth 8-638] synthesizing module 'test' [C:/Users/pablo/Documents/Vivado Projects/cable_display7segment/cable_display7segment.srcs/sources_1/new/S7_Segmt.vhd:134]
INFO: [Synth 8-638] synthesizing module 'S7_Segmt_behavioral' [C:/Users/pablo/Documents/Vivado Projects/cable_display7segment/cable_display7segment.srcs/sources_1/new/S7_Segmt.vhd:75]
INFO: [Synth 8-226] default block is never used [C:/Users/pablo/Documents/Vivado Projects/cable_display7segment/cable_display7segment.srcs/sources_1/new/S7_Segmt.vhd:85]
INFO: [Synth 8-226] default block is never used [C:/Users/pablo/Documents/Vivado Projects/cable_display7segment/cable_display7segment.srcs/sources_1/new/S7_Segmt.vhd:92]
INFO: [Synth 8-256] done synthesizing module 'S7_Segmt_behavioral' (1#1) [C:/Users/pablo/Documents/Vivado Projects/cable_display7segment/cable_display7segment.srcs/sources_1/new/S7_Segmt.vhd:75]
WARNING: [Synth 8-312] ignoring unsynthesizable construct: wait statement with no conditon [C:/Users/pablo/Documents/Vivado Projects/cable_display7segment/cable_display7segment.srcs/sources_1/new/S7_Segmt.vhd:151]
WARNING: [Synth 8-312] ignoring unsynthesizable construct: wait statement with no conditon [C:/Users/pablo/Documents/Vivado Projects/cable_display7segment/cable_display7segment.srcs/sources_1/new/S7_Segmt.vhd:156]
WARNING: [Synth 8-312] ignoring unsynthesizable construct: wait statement with no conditon [C:/Users/pablo/Documents/Vivado Projects/cable_display7segment/cable_display7segment.srcs/sources_1/new/S7_Segmt.vhd:161]
INFO: [Synth 8-256] done synthesizing module 'test' (2#1) [C:/Users/pablo/Documents/Vivado Projects/cable_display7segment/cable_display7segment.srcs/sources_1/new/S7_Segmt.vhd:134]
---------------------------------------------------------------------------------
Finished Synthesize : Time (s): cpu = 00:00:12 ; elapsed = 00:00:12 . Memory (MB): peak = 3826.930 ; gain = 0.000
---------------------------------------------------------------------------------
Copyright 1986-2022 Xilinx, Inc. All Rights Reserved. Copyright 2022-2025 Advanced Micro Devices, Inc. All Rights Reserved.
---------------------------------------------------------------------------------------------------------------------------------------------
| Tool Version : Vivado v.2025.2 (win64) Build 6299465 Fri Nov 14 19:35:11 GMT 2025
| Date         : Sat Apr 11 17:22:48 2026
| Host         : PABLO running 64-bit major release  (build 9200)
---------------------------------------------------------------------------------------------------------------------------------------------

RTL Linter Report

Table of Contents
-----------------
1. Summary

1. Summary
----------

+----------+----------+--------------+----------+
| Rule ID  | Severity | # Violations | # Waived |
+----------+----------+--------------+----------+
| ASSIGN-6 | WARNING  | 12           | 0        |
+----------+----------+--------------+----------+


WARNING: [Synth 37-93] [ASSIGN-6]Signal 'SSEG_AN0_S' was assigned but not read. 
RTL Name 'SSEG_AN0_S', Hierarchy 'test', File 'C:/Users/pablo/Documents/Vivado Projects/cable_display7segment/cable_display7segment.srcs/sources_1/new/S7_Segmt.vhd', Line 136.
WARNING: [Synth 37-93] [ASSIGN-6]Signal 'SSEG_AN1_S' was assigned but not read. 
RTL Name 'SSEG_AN1_S', Hierarchy 'test', File 'C:/Users/pablo/Documents/Vivado Projects/cable_display7segment/cable_display7segment.srcs/sources_1/new/S7_Segmt.vhd', Line 136.
WARNING: [Synth 37-93] [ASSIGN-6]Signal 'SSEG_AN2_S' was assigned but not read. 
RTL Name 'SSEG_AN2_S', Hierarchy 'test', File 'C:/Users/pablo/Documents/Vivado Projects/cable_display7segment/cable_display7segment.srcs/sources_1/new/S7_Segmt.vhd', Line 136.
WARNING: [Synth 37-93] [ASSIGN-6]Signal 'SSEG_AN3_S' was assigned but not read. 
RTL Name 'SSEG_AN3_S', Hierarchy 'test', File 'C:/Users/pablo/Documents/Vivado Projects/cable_display7segment/cable_display7segment.srcs/sources_1/new/S7_Segmt.vhd', Line 136.
WARNING: [Synth 37-93] [ASSIGN-6]Signal 'a_S' was assigned but not read. 
RTL Name 'a_S', Hierarchy 'test', File 'C:/Users/pablo/Documents/Vivado Projects/cable_display7segment/cable_display7segment.srcs/sources_1/new/S7_Segmt.vhd', Line 136.
WARNING: [Synth 37-93] [ASSIGN-6]Signal 'b_S' was assigned but not read. 
RTL Name 'b_S', Hierarchy 'test', File 'C:/Users/pablo/Documents/Vivado Projects/cable_display7segment/cable_display7segment.srcs/sources_1/new/S7_Segmt.vhd', Line 136.
WARNING: [Synth 37-93] [ASSIGN-6]Signal 'c_S' was assigned but not read. 
RTL Name 'c_S', Hierarchy 'test', File 'C:/Users/pablo/Documents/Vivado Projects/cable_display7segment/cable_display7segment.srcs/sources_1/new/S7_Segmt.vhd', Line 136.
WARNING: [Synth 37-93] [ASSIGN-6]Signal 'd_S' was assigned but not read. 
RTL Name 'd_S', Hierarchy 'test', File 'C:/Users/pablo/Documents/Vivado Projects/cable_display7segment/cable_display7segment.srcs/sources_1/new/S7_Segmt.vhd', Line 136.
WARNING: [Synth 37-93] [ASSIGN-6]Signal 'e_S' was assigned but not read. 
RTL Name 'e_S', Hierarchy 'test', File 'C:/Users/pablo/Documents/Vivado Projects/cable_display7segment/cable_display7segment.srcs/sources_1/new/S7_Segmt.vhd', Line 136.
WARNING: [Synth 37-93] [ASSIGN-6]Signal 'f_S' was assigned but not read. 
RTL Name 'f_S', Hierarchy 'test', File 'C:/Users/pablo/Documents/Vivado Projects/cable_display7segment/cable_display7segment.srcs/sources_1/new/S7_Segmt.vhd', Line 136.
WARNING: [Synth 37-93] [ASSIGN-6]Signal 'g_S' was assigned but not read. 
RTL Name 'g_S', Hierarchy 'test', File 'C:/Users/pablo/Documents/Vivado Projects/cable_display7segment/cable_display7segment.srcs/sources_1/new/S7_Segmt.vhd', Line 136.
WARNING: [Synth 37-93] [ASSIGN-6]Signal 'point_S' was assigned but not read. 
RTL Name 'point_S', Hierarchy 'test', File 'C:/Users/pablo/Documents/Vivado Projects/cable_display7segment/cable_display7segment.srcs/sources_1/new/S7_Segmt.vhd', Line 136.
INFO: [Synth 37-85] Total of 12 linter message(s) generated.
INFO: [Synth 37-45] Linter Run Finished!
Synthesis Optimization Runtime : Time (s): cpu = 00:00:12 ; elapsed = 00:00:12 . Memory (MB): peak = 3826.930 ; gain = 0.000
INFO: [Common 17-83] Releasing license: Synthesis
11 Infos, 15 Warnings, 0 Critical Warnings and 0 Errors encountered.
synth_design completed successfully
synth_design: Time (s): cpu = 00:00:12 ; elapsed = 00:00:12 . Memory (MB): peak = 3826.930 ; gain = 0.000
refresh_design
INFO: [Synth 8-7079] Multithreading enabled for synth_design using a maximum of 2 processes.
---------------------------------------------------------------------------------
Starting RTL Elaboration : Time (s): cpu = 00:00:10 ; elapsed = 00:00:09 . Memory (MB): peak = 3826.930 ; gain = 0.000
---------------------------------------------------------------------------------
INFO: [Synth 8-638] synthesizing module 'test' [C:/Users/pablo/Documents/Vivado Projects/cable_display7segment/cable_display7segment.srcs/sources_1/new/S7_Segmt.vhd:134]
INFO: [Synth 8-638] synthesizing module 'S7_Segmt_behavioral' [C:/Users/pablo/Documents/Vivado Projects/cable_display7segment/cable_display7segment.srcs/sources_1/new/S7_Segmt.vhd:75]
INFO: [Synth 8-226] default block is never used [C:/Users/pablo/Documents/Vivado Projects/cable_display7segment/cable_display7segment.srcs/sources_1/new/S7_Segmt.vhd:85]
INFO: [Synth 8-226] default block is never used [C:/Users/pablo/Documents/Vivado Projects/cable_display7segment/cable_display7segment.srcs/sources_1/new/S7_Segmt.vhd:92]
INFO: [Synth 8-256] done synthesizing module 'S7_Segmt_behavioral' (0#1) [C:/Users/pablo/Documents/Vivado Projects/cable_display7segment/cable_display7segment.srcs/sources_1/new/S7_Segmt.vhd:75]
WARNING: [Synth 8-312] ignoring unsynthesizable construct: wait statement with no conditon [C:/Users/pablo/Documents/Vivado Projects/cable_display7segment/cable_display7segment.srcs/sources_1/new/S7_Segmt.vhd:151]
WARNING: [Synth 8-312] ignoring unsynthesizable construct: wait statement with no conditon [C:/Users/pablo/Documents/Vivado Projects/cable_display7segment/cable_display7segment.srcs/sources_1/new/S7_Segmt.vhd:156]
WARNING: [Synth 8-312] ignoring unsynthesizable construct: wait statement with no conditon [C:/Users/pablo/Documents/Vivado Projects/cable_display7segment/cable_display7segment.srcs/sources_1/new/S7_Segmt.vhd:161]
INFO: [Synth 8-256] done synthesizing module 'test' (0#1) [C:/Users/pablo/Documents/Vivado Projects/cable_display7segment/cable_display7segment.srcs/sources_1/new/S7_Segmt.vhd:134]
---------------------------------------------------------------------------------
Finished RTL Elaboration : Time (s): cpu = 00:00:12 ; elapsed = 00:00:12 . Memory (MB): peak = 3826.930 ; gain = 0.000
---------------------------------------------------------------------------------
---------------------------------------------------------------------------------
Start Handling Custom Attributes
---------------------------------------------------------------------------------
---------------------------------------------------------------------------------
Finished Handling Custom Attributes : Time (s): cpu = 00:00:12 ; elapsed = 00:00:12 . Memory (MB): peak = 3826.930 ; gain = 0.000
---------------------------------------------------------------------------------
---------------------------------------------------------------------------------
Finished RTL Optimization Phase 1 : Time (s): cpu = 00:00:12 ; elapsed = 00:00:12 . Memory (MB): peak = 3826.930 ; gain = 0.000
---------------------------------------------------------------------------------
Netlist sorting complete. Time (s): cpu = 00:00:00 ; elapsed = 00:00:00 . Memory (MB): peak = 3826.930 ; gain = 0.000
INFO: [Project 1-570] Preparing netlist for logic optimization

Processing XDC Constraints
Initializing timing engine
Parsing XDC File [C:/Users/pablo/Downloads/Basys3_Master.xdc]
WARNING: [Vivado 12-584] No ports matched 'A0'. [C:/Users/pablo/Downloads/Basys3_Master.xdc:12]
CRITICAL WARNING: [Common 17-55] 'set_property' expects at least one object. [C:/Users/pablo/Downloads/Basys3_Master.xdc:12]
Resolution: If [get_<value>] was used to populate the object, check to make sure this command returns at least one valid object.
WARNING: [Vivado 12-584] No ports matched 'A0'. [C:/Users/pablo/Downloads/Basys3_Master.xdc:13]
CRITICAL WARNING: [Common 17-55] 'set_property' expects at least one object. [C:/Users/pablo/Downloads/Basys3_Master.xdc:13]
Resolution: If [get_<value>] was used to populate the object, check to make sure this command returns at least one valid object.
WARNING: [Vivado 12-584] No ports matched 'A1'. [C:/Users/pablo/Downloads/Basys3_Master.xdc:14]
CRITICAL WARNING: [Common 17-55] 'set_property' expects at least one object. [C:/Users/pablo/Downloads/Basys3_Master.xdc:14]
Resolution: If [get_<value>] was used to populate the object, check to make sure this command returns at least one valid object.
WARNING: [Vivado 12-584] No ports matched 'A1'. [C:/Users/pablo/Downloads/Basys3_Master.xdc:15]
CRITICAL WARNING: [Common 17-55] 'set_property' expects at least one object. [C:/Users/pablo/Downloads/Basys3_Master.xdc:15]
Resolution: If [get_<value>] was used to populate the object, check to make sure this command returns at least one valid object.
WARNING: [Vivado 12-584] No ports matched 'A2'. [C:/Users/pablo/Downloads/Basys3_Master.xdc:16]
CRITICAL WARNING: [Common 17-55] 'set_property' expects at least one object. [C:/Users/pablo/Downloads/Basys3_Master.xdc:16]
Resolution: If [get_<value>] was used to populate the object, check to make sure this command returns at least one valid object.
WARNING: [Vivado 12-584] No ports matched 'A2'. [C:/Users/pablo/Downloads/Basys3_Master.xdc:17]
CRITICAL WARNING: [Common 17-55] 'set_property' expects at least one object. [C:/Users/pablo/Downloads/Basys3_Master.xdc:17]
Resolution: If [get_<value>] was used to populate the object, check to make sure this command returns at least one valid object.
WARNING: [Vivado 12-584] No ports matched 'A3'. [C:/Users/pablo/Downloads/Basys3_Master.xdc:18]
CRITICAL WARNING: [Common 17-55] 'set_property' expects at least one object. [C:/Users/pablo/Downloads/Basys3_Master.xdc:18]
Resolution: If [get_<value>] was used to populate the object, check to make sure this command returns at least one valid object.
WARNING: [Vivado 12-584] No ports matched 'A3'. [C:/Users/pablo/Downloads/Basys3_Master.xdc:19]
CRITICAL WARNING: [Common 17-55] 'set_property' expects at least one object. [C:/Users/pablo/Downloads/Basys3_Master.xdc:19]
Resolution: If [get_<value>] was used to populate the object, check to make sure this command returns at least one valid object.
WARNING: [Vivado 12-584] No ports matched 'S0'. [C:/Users/pablo/Downloads/Basys3_Master.xdc:22]
CRITICAL WARNING: [Common 17-55] 'set_property' expects at least one object. [C:/Users/pablo/Downloads/Basys3_Master.xdc:22]
Resolution: If [get_<value>] was used to populate the object, check to make sure this command returns at least one valid object.
WARNING: [Vivado 12-584] No ports matched 'S0'. [C:/Users/pablo/Downloads/Basys3_Master.xdc:23]
CRITICAL WARNING: [Common 17-55] 'set_property' expects at least one object. [C:/Users/pablo/Downloads/Basys3_Master.xdc:23]
Resolution: If [get_<value>] was used to populate the object, check to make sure this command returns at least one valid object.
WARNING: [Vivado 12-584] No ports matched 'S1'. [C:/Users/pablo/Downloads/Basys3_Master.xdc:24]
CRITICAL WARNING: [Common 17-55] 'set_property' expects at least one object. [C:/Users/pablo/Downloads/Basys3_Master.xdc:24]
Resolution: If [get_<value>] was used to populate the object, check to make sure this command returns at least one valid object.
WARNING: [Vivado 12-584] No ports matched 'S1'. [C:/Users/pablo/Downloads/Basys3_Master.xdc:25]
CRITICAL WARNING: [Common 17-55] 'set_property' expects at least one object. [C:/Users/pablo/Downloads/Basys3_Master.xdc:25]
Resolution: If [get_<value>] was used to populate the object, check to make sure this command returns at least one valid object.
WARNING: [Vivado 12-584] No ports matched 'input'. [C:/Users/pablo/Downloads/Basys3_Master.xdc:36]
CRITICAL WARNING: [Common 17-55] 'set_property' expects at least one object. [C:/Users/pablo/Downloads/Basys3_Master.xdc:36]
Resolution: If [get_<value>] was used to populate the object, check to make sure this command returns at least one valid object.
WARNING: [Vivado 12-584] No ports matched 'input'. [C:/Users/pablo/Downloads/Basys3_Master.xdc:37]
CRITICAL WARNING: [Common 17-55] 'set_property' expects at least one object. [C:/Users/pablo/Downloads/Basys3_Master.xdc:37]
Resolution: If [get_<value>] was used to populate the object, check to make sure this command returns at least one valid object.
WARNING: [Vivado 12-584] No ports matched 'output'. [C:/Users/pablo/Downloads/Basys3_Master.xdc:71]
CRITICAL WARNING: [Common 17-55] 'set_property' expects at least one object. [C:/Users/pablo/Downloads/Basys3_Master.xdc:71]
Resolution: If [get_<value>] was used to populate the object, check to make sure this command returns at least one valid object.
WARNING: [Vivado 12-584] No ports matched 'output'. [C:/Users/pablo/Downloads/Basys3_Master.xdc:72]
CRITICAL WARNING: [Common 17-55] 'set_property' expects at least one object. [C:/Users/pablo/Downloads/Basys3_Master.xdc:72]
Resolution: If [get_<value>] was used to populate the object, check to make sure this command returns at least one valid object.
WARNING: [Vivado 12-584] No ports matched 'a'. [C:/Users/pablo/Downloads/Basys3_Master.xdc:82]
CRITICAL WARNING: [Common 17-55] 'set_property' expects at least one object. [C:/Users/pablo/Downloads/Basys3_Master.xdc:82]
Resolution: If [get_<value>] was used to populate the object, check to make sure this command returns at least one valid object.
WARNING: [Vivado 12-584] No ports matched 'a'. [C:/Users/pablo/Downloads/Basys3_Master.xdc:83]
CRITICAL WARNING: [Common 17-55] 'set_property' expects at least one object. [C:/Users/pablo/Downloads/Basys3_Master.xdc:83]
Resolution: If [get_<value>] was used to populate the object, check to make sure this command returns at least one valid object.
WARNING: [Vivado 12-584] No ports matched 'b'. [C:/Users/pablo/Downloads/Basys3_Master.xdc:84]
CRITICAL WARNING: [Common 17-55] 'set_property' expects at least one object. [C:/Users/pablo/Downloads/Basys3_Master.xdc:84]
Resolution: If [get_<value>] was used to populate the object, check to make sure this command returns at least one valid object.
WARNING: [Vivado 12-584] No ports matched 'b'. [C:/Users/pablo/Downloads/Basys3_Master.xdc:85]
CRITICAL WARNING: [Common 17-55] 'set_property' expects at least one object. [C:/Users/pablo/Downloads/Basys3_Master.xdc:85]
Resolution: If [get_<value>] was used to populate the object, check to make sure this command returns at least one valid object.
WARNING: [Vivado 12-584] No ports matched 'c'. [C:/Users/pablo/Downloads/Basys3_Master.xdc:86]
CRITICAL WARNING: [Common 17-55] 'set_property' expects at least one object. [C:/Users/pablo/Downloads/Basys3_Master.xdc:86]
Resolution: If [get_<value>] was used to populate the object, check to make sure this command returns at least one valid object.
WARNING: [Vivado 12-584] No ports matched 'c'. [C:/Users/pablo/Downloads/Basys3_Master.xdc:87]
CRITICAL WARNING: [Common 17-55] 'set_property' expects at least one object. [C:/Users/pablo/Downloads/Basys3_Master.xdc:87]
Resolution: If [get_<value>] was used to populate the object, check to make sure this command returns at least one valid object.
WARNING: [Vivado 12-584] No ports matched 'd'. [C:/Users/pablo/Downloads/Basys3_Master.xdc:88]
CRITICAL WARNING: [Common 17-55] 'set_property' expects at least one object. [C:/Users/pablo/Downloads/Basys3_Master.xdc:88]
Resolution: If [get_<value>] was used to populate the object, check to make sure this command returns at least one valid object.
WARNING: [Vivado 12-584] No ports matched 'd'. [C:/Users/pablo/Downloads/Basys3_Master.xdc:89]
CRITICAL WARNING: [Common 17-55] 'set_property' expects at least one object. [C:/Users/pablo/Downloads/Basys3_Master.xdc:89]
Resolution: If [get_<value>] was used to populate the object, check to make sure this command returns at least one valid object.
WARNING: [Vivado 12-584] No ports matched 'e'. [C:/Users/pablo/Downloads/Basys3_Master.xdc:90]
CRITICAL WARNING: [Common 17-55] 'set_property' expects at least one object. [C:/Users/pablo/Downloads/Basys3_Master.xdc:90]
Resolution: If [get_<value>] was used to populate the object, check to make sure this command returns at least one valid object.
WARNING: [Vivado 12-584] No ports matched 'e'. [C:/Users/pablo/Downloads/Basys3_Master.xdc:91]
CRITICAL WARNING: [Common 17-55] 'set_property' expects at least one object. [C:/Users/pablo/Downloads/Basys3_Master.xdc:91]
Resolution: If [get_<value>] was used to populate the object, check to make sure this command returns at least one valid object.
WARNING: [Vivado 12-584] No ports matched 'f'. [C:/Users/pablo/Downloads/Basys3_Master.xdc:92]
CRITICAL WARNING: [Common 17-55] 'set_property' expects at least one object. [C:/Users/pablo/Downloads/Basys3_Master.xdc:92]
Resolution: If [get_<value>] was used to populate the object, check to make sure this command returns at least one valid object.
WARNING: [Vivado 12-584] No ports matched 'f'. [C:/Users/pablo/Downloads/Basys3_Master.xdc:93]
CRITICAL WARNING: [Common 17-55] 'set_property' expects at least one object. [C:/Users/pablo/Downloads/Basys3_Master.xdc:93]
Resolution: If [get_<value>] was used to populate the object, check to make sure this command returns at least one valid object.
WARNING: [Vivado 12-584] No ports matched 'g'. [C:/Users/pablo/Downloads/Basys3_Master.xdc:94]
CRITICAL WARNING: [Common 17-55] 'set_property' expects at least one object. [C:/Users/pablo/Downloads/Basys3_Master.xdc:94]
Resolution: If [get_<value>] was used to populate the object, check to make sure this command returns at least one valid object.
WARNING: [Vivado 12-584] No ports matched 'g'. [C:/Users/pablo/Downloads/Basys3_Master.xdc:95]
CRITICAL WARNING: [Common 17-55] 'set_property' expects at least one object. [C:/Users/pablo/Downloads/Basys3_Master.xdc:95]
Resolution: If [get_<value>] was used to populate the object, check to make sure this command returns at least one valid object.
WARNING: [Vivado 12-584] No ports matched 'point'. [C:/Users/pablo/Downloads/Basys3_Master.xdc:97]
CRITICAL WARNING: [Common 17-55] 'set_property' expects at least one object. [C:/Users/pablo/Downloads/Basys3_Master.xdc:97]
Resolution: If [get_<value>] was used to populate the object, check to make sure this command returns at least one valid object.
WARNING: [Vivado 12-584] No ports matched 'point'. [C:/Users/pablo/Downloads/Basys3_Master.xdc:98]
CRITICAL WARNING: [Common 17-55] 'set_property' expects at least one object. [C:/Users/pablo/Downloads/Basys3_Master.xdc:98]
Resolution: If [get_<value>] was used to populate the object, check to make sure this command returns at least one valid object.
WARNING: [Vivado 12-584] No ports matched 'SSEG_AN0'. [C:/Users/pablo/Downloads/Basys3_Master.xdc:100]
CRITICAL WARNING: [Common 17-55] 'set_property' expects at least one object. [C:/Users/pablo/Downloads/Basys3_Master.xdc:100]
Resolution: If [get_<value>] was used to populate the object, check to make sure this command returns at least one valid object.
WARNING: [Vivado 12-584] No ports matched 'SSEG_AN0'. [C:/Users/pablo/Downloads/Basys3_Master.xdc:101]
CRITICAL WARNING: [Common 17-55] 'set_property' expects at least one object. [C:/Users/pablo/Downloads/Basys3_Master.xdc:101]
Resolution: If [get_<value>] was used to populate the object, check to make sure this command returns at least one valid object.
WARNING: [Vivado 12-584] No ports matched 'SSEG_AN1'. [C:/Users/pablo/Downloads/Basys3_Master.xdc:102]
CRITICAL WARNING: [Common 17-55] 'set_property' expects at least one object. [C:/Users/pablo/Downloads/Basys3_Master.xdc:102]
Resolution: If [get_<value>] was used to populate the object, check to make sure this command returns at least one valid object.
WARNING: [Vivado 12-584] No ports matched 'SSEG_AN1'. [C:/Users/pablo/Downloads/Basys3_Master.xdc:103]
CRITICAL WARNING: [Common 17-55] 'set_property' expects at least one object. [C:/Users/pablo/Downloads/Basys3_Master.xdc:103]
Resolution: If [get_<value>] was used to populate the object, check to make sure this command returns at least one valid object.
WARNING: [Vivado 12-584] No ports matched 'SSEG_AN2'. [C:/Users/pablo/Downloads/Basys3_Master.xdc:104]
CRITICAL WARNING: [Common 17-55] 'set_property' expects at least one object. [C:/Users/pablo/Downloads/Basys3_Master.xdc:104]
Resolution: If [get_<value>] was used to populate the object, check to make sure this command returns at least one valid object.
WARNING: [Vivado 12-584] No ports matched 'SSEG_AN2'. [C:/Users/pablo/Downloads/Basys3_Master.xdc:105]
CRITICAL WARNING: [Common 17-55] 'set_property' expects at least one object. [C:/Users/pablo/Downloads/Basys3_Master.xdc:105]
Resolution: If [get_<value>] was used to populate the object, check to make sure this command returns at least one valid object.
WARNING: [Vivado 12-584] No ports matched 'SSEG_AN3'. [C:/Users/pablo/Downloads/Basys3_Master.xdc:106]
CRITICAL WARNING: [Common 17-55] 'set_property' expects at least one object. [C:/Users/pablo/Downloads/Basys3_Master.xdc:106]
Resolution: If [get_<value>] was used to populate the object, check to make sure this command returns at least one valid object.
WARNING: [Vivado 12-584] No ports matched 'SSEG_AN3'. [C:/Users/pablo/Downloads/Basys3_Master.xdc:107]
CRITICAL WARNING: [Common 17-55] 'set_property' expects at least one object. [C:/Users/pablo/Downloads/Basys3_Master.xdc:107]
Resolution: If [get_<value>] was used to populate the object, check to make sure this command returns at least one valid object.
WARNING: [Vivado 12-584] No ports matched 'output'. [C:/Users/pablo/Downloads/Basys3_Master.xdc:297]
CRITICAL WARNING: [Common 17-55] 'set_property' expects at least one object. [C:/Users/pablo/Downloads/Basys3_Master.xdc:297]
Resolution: If [get_<value>] was used to populate the object, check to make sure this command returns at least one valid object.
Finished Parsing XDC File [C:/Users/pablo/Downloads/Basys3_Master.xdc]
Completed Processing XDC Constraints

refresh_design: Time (s): cpu = 00:00:17 ; elapsed = 00:00:15 . Memory (MB): peak = 3826.930 ; gain = 0.000
import_files -fileset constrs_1 C:/Users/pablo/Downloads/Basys3_Master.xdc
set_property needs_refresh false [get_runs synth_1]
set_property needs_refresh false [get_runs impl_1]
synth_design -top test -part xc7a35tcpg236-1 -lint 
Command: synth_design -top test -part xc7a35tcpg236-1 -lint
Starting synth_design
Attempting to get a license for feature 'Synthesis' and/or device 'xc7a35t'
INFO: [Common 17-349] Got license for feature 'Synthesis' and/or device 'xc7a35t'
INFO: [Synth 8-7079] Multithreading enabled for synth_design using a maximum of 2 processes.
---------------------------------------------------------------------------------
Starting Synthesize : Time (s): cpu = 00:00:06 ; elapsed = 00:00:06 . Memory (MB): peak = 3826.930 ; gain = 0.000
---------------------------------------------------------------------------------
Clean up Linter database...
INFO: [Synth 8-638] synthesizing module 'test' [C:/Users/pablo/Documents/Vivado Projects/cable_display7segment/cable_display7segment.srcs/sources_1/new/S7_Segmt.vhd:134]
INFO: [Synth 8-638] synthesizing module 'S7_Segmt_behavioral' [C:/Users/pablo/Documents/Vivado Projects/cable_display7segment/cable_display7segment.srcs/sources_1/new/S7_Segmt.vhd:75]
INFO: [Synth 8-226] default block is never used [C:/Users/pablo/Documents/Vivado Projects/cable_display7segment/cable_display7segment.srcs/sources_1/new/S7_Segmt.vhd:85]
INFO: [Synth 8-226] default block is never used [C:/Users/pablo/Documents/Vivado Projects/cable_display7segment/cable_display7segment.srcs/sources_1/new/S7_Segmt.vhd:92]
INFO: [Synth 8-256] done synthesizing module 'S7_Segmt_behavioral' (1#1) [C:/Users/pablo/Documents/Vivado Projects/cable_display7segment/cable_display7segment.srcs/sources_1/new/S7_Segmt.vhd:75]
WARNING: [Synth 8-312] ignoring unsynthesizable construct: wait statement with no conditon [C:/Users/pablo/Documents/Vivado Projects/cable_display7segment/cable_display7segment.srcs/sources_1/new/S7_Segmt.vhd:151]
WARNING: [Synth 8-312] ignoring unsynthesizable construct: wait statement with no conditon [C:/Users/pablo/Documents/Vivado Projects/cable_display7segment/cable_display7segment.srcs/sources_1/new/S7_Segmt.vhd:156]
WARNING: [Synth 8-312] ignoring unsynthesizable construct: wait statement with no conditon [C:/Users/pablo/Documents/Vivado Projects/cable_display7segment/cable_display7segment.srcs/sources_1/new/S7_Segmt.vhd:161]
INFO: [Synth 8-256] done synthesizing module 'test' (2#1) [C:/Users/pablo/Documents/Vivado Projects/cable_display7segment/cable_display7segment.srcs/sources_1/new/S7_Segmt.vhd:134]
---------------------------------------------------------------------------------
Finished Synthesize : Time (s): cpu = 00:00:08 ; elapsed = 00:00:08 . Memory (MB): peak = 3826.930 ; gain = 0.000
---------------------------------------------------------------------------------
Copyright 1986-2022 Xilinx, Inc. All Rights Reserved. Copyright 2022-2025 Advanced Micro Devices, Inc. All Rights Reserved.
---------------------------------------------------------------------------------------------------------------------------------------------
| Tool Version : Vivado v.2025.2 (win64) Build 6299465 Fri Nov 14 19:35:11 GMT 2025
| Date         : Sat Apr 11 17:24:43 2026
| Host         : PABLO running 64-bit major release  (build 9200)
---------------------------------------------------------------------------------------------------------------------------------------------

RTL Linter Report

Table of Contents
-----------------
1. Summary

1. Summary
----------

+----------+----------+--------------+----------+
| Rule ID  | Severity | # Violations | # Waived |
+----------+----------+--------------+----------+
| ASSIGN-6 | WARNING  | 12           | 0        |
+----------+----------+--------------+----------+


WARNING: [Synth 37-93] [ASSIGN-6]Signal 'SSEG_AN0_S' was assigned but not read. 
RTL Name 'SSEG_AN0_S', Hierarchy 'test', File 'C:/Users/pablo/Documents/Vivado Projects/cable_display7segment/cable_display7segment.srcs/sources_1/new/S7_Segmt.vhd', Line 136.
WARNING: [Synth 37-93] [ASSIGN-6]Signal 'SSEG_AN1_S' was assigned but not read. 
RTL Name 'SSEG_AN1_S', Hierarchy 'test', File 'C:/Users/pablo/Documents/Vivado Projects/cable_display7segment/cable_display7segment.srcs/sources_1/new/S7_Segmt.vhd', Line 136.
WARNING: [Synth 37-93] [ASSIGN-6]Signal 'SSEG_AN2_S' was assigned but not read. 
RTL Name 'SSEG_AN2_S', Hierarchy 'test', File 'C:/Users/pablo/Documents/Vivado Projects/cable_display7segment/cable_display7segment.srcs/sources_1/new/S7_Segmt.vhd', Line 136.
WARNING: [Synth 37-93] [ASSIGN-6]Signal 'SSEG_AN3_S' was assigned but not read. 
RTL Name 'SSEG_AN3_S', Hierarchy 'test', File 'C:/Users/pablo/Documents/Vivado Projects/cable_display7segment/cable_display7segment.srcs/sources_1/new/S7_Segmt.vhd', Line 136.
WARNING: [Synth 37-93] [ASSIGN-6]Signal 'a_S' was assigned but not read. 
RTL Name 'a_S', Hierarchy 'test', File 'C:/Users/pablo/Documents/Vivado Projects/cable_display7segment/cable_display7segment.srcs/sources_1/new/S7_Segmt.vhd', Line 136.
WARNING: [Synth 37-93] [ASSIGN-6]Signal 'b_S' was assigned but not read. 
RTL Name 'b_S', Hierarchy 'test', File 'C:/Users/pablo/Documents/Vivado Projects/cable_display7segment/cable_display7segment.srcs/sources_1/new/S7_Segmt.vhd', Line 136.
WARNING: [Synth 37-93] [ASSIGN-6]Signal 'c_S' was assigned but not read. 
RTL Name 'c_S', Hierarchy 'test', File 'C:/Users/pablo/Documents/Vivado Projects/cable_display7segment/cable_display7segment.srcs/sources_1/new/S7_Segmt.vhd', Line 136.
WARNING: [Synth 37-93] [ASSIGN-6]Signal 'd_S' was assigned but not read. 
RTL Name 'd_S', Hierarchy 'test', File 'C:/Users/pablo/Documents/Vivado Projects/cable_display7segment/cable_display7segment.srcs/sources_1/new/S7_Segmt.vhd', Line 136.
WARNING: [Synth 37-93] [ASSIGN-6]Signal 'e_S' was assigned but not read. 
RTL Name 'e_S', Hierarchy 'test', File 'C:/Users/pablo/Documents/Vivado Projects/cable_display7segment/cable_display7segment.srcs/sources_1/new/S7_Segmt.vhd', Line 136.
WARNING: [Synth 37-93] [ASSIGN-6]Signal 'f_S' was assigned but not read. 
RTL Name 'f_S', Hierarchy 'test', File 'C:/Users/pablo/Documents/Vivado Projects/cable_display7segment/cable_display7segment.srcs/sources_1/new/S7_Segmt.vhd', Line 136.
WARNING: [Synth 37-93] [ASSIGN-6]Signal 'g_S' was assigned but not read. 
RTL Name 'g_S', Hierarchy 'test', File 'C:/Users/pablo/Documents/Vivado Projects/cable_display7segment/cable_display7segment.srcs/sources_1/new/S7_Segmt.vhd', Line 136.
WARNING: [Synth 37-93] [ASSIGN-6]Signal 'point_S' was assigned but not read. 
RTL Name 'point_S', Hierarchy 'test', File 'C:/Users/pablo/Documents/Vivado Projects/cable_display7segment/cable_display7segment.srcs/sources_1/new/S7_Segmt.vhd', Line 136.
INFO: [Synth 37-85] Total of 12 linter message(s) generated.
INFO: [Synth 37-45] Linter Run Finished!
Synthesis Optimization Runtime : Time (s): cpu = 00:00:08 ; elapsed = 00:00:08 . Memory (MB): peak = 3826.930 ; gain = 0.000
INFO: [Common 17-83] Releasing license: Synthesis
11 Infos, 15 Warnings, 0 Critical Warnings and 0 Errors encountered.
synth_design completed successfully
synth_design: Time (s): cpu = 00:00:08 ; elapsed = 00:00:08 . Memory (MB): peak = 3826.930 ; gain = 0.000
close_design
open_run synth_1 -name synth_1
Design is defaulting to impl run constrset: constrs_1
Design is defaulting to synth run part: xc7a35tcpg236-1
Netlist sorting complete. Time (s): cpu = 00:00:00 ; elapsed = 00:00:00 . Memory (MB): peak = 3826.930 ; gain = 0.000
INFO: [Project 1-479] Netlist was created with Vivado 2025.2
INFO: [Project 1-570] Preparing netlist for logic optimization
Parsing XDC File [C:/Users/pablo/Documents/Vivado Projects/cable_display7segment/cable_display7segment.srcs/constrs_1/imports/Downloads/Basys3_Master.xdc]
WARNING: [Vivado 12-584] No ports matched 'A0'. [C:/Users/pablo/Documents/Vivado Projects/cable_display7segment/cable_display7segment.srcs/constrs_1/imports/Downloads/Basys3_Master.xdc:12]
CRITICAL WARNING: [Common 17-55] 'set_property' expects at least one object. [C:/Users/pablo/Documents/Vivado Projects/cable_display7segment/cable_display7segment.srcs/constrs_1/imports/Downloads/Basys3_Master.xdc:12]
Resolution: If [get_<value>] was used to populate the object, check to make sure this command returns at least one valid object.
WARNING: [Vivado 12-584] No ports matched 'A0'. [C:/Users/pablo/Documents/Vivado Projects/cable_display7segment/cable_display7segment.srcs/constrs_1/imports/Downloads/Basys3_Master.xdc:13]
CRITICAL WARNING: [Common 17-55] 'set_property' expects at least one object. [C:/Users/pablo/Documents/Vivado Projects/cable_display7segment/cable_display7segment.srcs/constrs_1/imports/Downloads/Basys3_Master.xdc:13]
Resolution: If [get_<value>] was used to populate the object, check to make sure this command returns at least one valid object.
WARNING: [Vivado 12-584] No ports matched 'A1'. [C:/Users/pablo/Documents/Vivado Projects/cable_display7segment/cable_display7segment.srcs/constrs_1/imports/Downloads/Basys3_Master.xdc:14]
CRITICAL WARNING: [Common 17-55] 'set_property' expects at least one object. [C:/Users/pablo/Documents/Vivado Projects/cable_display7segment/cable_display7segment.srcs/constrs_1/imports/Downloads/Basys3_Master.xdc:14]
Resolution: If [get_<value>] was used to populate the object, check to make sure this command returns at least one valid object.
WARNING: [Vivado 12-584] No ports matched 'A1'. [C:/Users/pablo/Documents/Vivado Projects/cable_display7segment/cable_display7segment.srcs/constrs_1/imports/Downloads/Basys3_Master.xdc:15]
CRITICAL WARNING: [Common 17-55] 'set_property' expects at least one object. [C:/Users/pablo/Documents/Vivado Projects/cable_display7segment/cable_display7segment.srcs/constrs_1/imports/Downloads/Basys3_Master.xdc:15]
Resolution: If [get_<value>] was used to populate the object, check to make sure this command returns at least one valid object.
WARNING: [Vivado 12-584] No ports matched 'A2'. [C:/Users/pablo/Documents/Vivado Projects/cable_display7segment/cable_display7segment.srcs/constrs_1/imports/Downloads/Basys3_Master.xdc:16]
CRITICAL WARNING: [Common 17-55] 'set_property' expects at least one object. [C:/Users/pablo/Documents/Vivado Projects/cable_display7segment/cable_display7segment.srcs/constrs_1/imports/Downloads/Basys3_Master.xdc:16]
Resolution: If [get_<value>] was used to populate the object, check to make sure this command returns at least one valid object.
WARNING: [Vivado 12-584] No ports matched 'A2'. [C:/Users/pablo/Documents/Vivado Projects/cable_display7segment/cable_display7segment.srcs/constrs_1/imports/Downloads/Basys3_Master.xdc:17]
CRITICAL WARNING: [Common 17-55] 'set_property' expects at least one object. [C:/Users/pablo/Documents/Vivado Projects/cable_display7segment/cable_display7segment.srcs/constrs_1/imports/Downloads/Basys3_Master.xdc:17]
Resolution: If [get_<value>] was used to populate the object, check to make sure this command returns at least one valid object.
WARNING: [Vivado 12-584] No ports matched 'A3'. [C:/Users/pablo/Documents/Vivado Projects/cable_display7segment/cable_display7segment.srcs/constrs_1/imports/Downloads/Basys3_Master.xdc:18]
CRITICAL WARNING: [Common 17-55] 'set_property' expects at least one object. [C:/Users/pablo/Documents/Vivado Projects/cable_display7segment/cable_display7segment.srcs/constrs_1/imports/Downloads/Basys3_Master.xdc:18]
Resolution: If [get_<value>] was used to populate the object, check to make sure this command returns at least one valid object.
WARNING: [Vivado 12-584] No ports matched 'A3'. [C:/Users/pablo/Documents/Vivado Projects/cable_display7segment/cable_display7segment.srcs/constrs_1/imports/Downloads/Basys3_Master.xdc:19]
CRITICAL WARNING: [Common 17-55] 'set_property' expects at least one object. [C:/Users/pablo/Documents/Vivado Projects/cable_display7segment/cable_display7segment.srcs/constrs_1/imports/Downloads/Basys3_Master.xdc:19]
Resolution: If [get_<value>] was used to populate the object, check to make sure this command returns at least one valid object.
WARNING: [Vivado 12-584] No ports matched 'S0'. [C:/Users/pablo/Documents/Vivado Projects/cable_display7segment/cable_display7segment.srcs/constrs_1/imports/Downloads/Basys3_Master.xdc:22]
CRITICAL WARNING: [Common 17-55] 'set_property' expects at least one object. [C:/Users/pablo/Documents/Vivado Projects/cable_display7segment/cable_display7segment.srcs/constrs_1/imports/Downloads/Basys3_Master.xdc:22]
Resolution: If [get_<value>] was used to populate the object, check to make sure this command returns at least one valid object.
WARNING: [Vivado 12-584] No ports matched 'S0'. [C:/Users/pablo/Documents/Vivado Projects/cable_display7segment/cable_display7segment.srcs/constrs_1/imports/Downloads/Basys3_Master.xdc:23]
CRITICAL WARNING: [Common 17-55] 'set_property' expects at least one object. [C:/Users/pablo/Documents/Vivado Projects/cable_display7segment/cable_display7segment.srcs/constrs_1/imports/Downloads/Basys3_Master.xdc:23]
Resolution: If [get_<value>] was used to populate the object, check to make sure this command returns at least one valid object.
WARNING: [Vivado 12-584] No ports matched 'S1'. [C:/Users/pablo/Documents/Vivado Projects/cable_display7segment/cable_display7segment.srcs/constrs_1/imports/Downloads/Basys3_Master.xdc:24]
CRITICAL WARNING: [Common 17-55] 'set_property' expects at least one object. [C:/Users/pablo/Documents/Vivado Projects/cable_display7segment/cable_display7segment.srcs/constrs_1/imports/Downloads/Basys3_Master.xdc:24]
Resolution: If [get_<value>] was used to populate the object, check to make sure this command returns at least one valid object.
WARNING: [Vivado 12-584] No ports matched 'S1'. [C:/Users/pablo/Documents/Vivado Projects/cable_display7segment/cable_display7segment.srcs/constrs_1/imports/Downloads/Basys3_Master.xdc:25]
CRITICAL WARNING: [Common 17-55] 'set_property' expects at least one object. [C:/Users/pablo/Documents/Vivado Projects/cable_display7segment/cable_display7segment.srcs/constrs_1/imports/Downloads/Basys3_Master.xdc:25]
Resolution: If [get_<value>] was used to populate the object, check to make sure this command returns at least one valid object.
WARNING: [Vivado 12-584] No ports matched 'a'. [C:/Users/pablo/Documents/Vivado Projects/cable_display7segment/cable_display7segment.srcs/constrs_1/imports/Downloads/Basys3_Master.xdc:82]
CRITICAL WARNING: [Common 17-55] 'set_property' expects at least one object. [C:/Users/pablo/Documents/Vivado Projects/cable_display7segment/cable_display7segment.srcs/constrs_1/imports/Downloads/Basys3_Master.xdc:82]
Resolution: If [get_<value>] was used to populate the object, check to make sure this command returns at least one valid object.
WARNING: [Vivado 12-584] No ports matched 'a'. [C:/Users/pablo/Documents/Vivado Projects/cable_display7segment/cable_display7segment.srcs/constrs_1/imports/Downloads/Basys3_Master.xdc:83]
CRITICAL WARNING: [Common 17-55] 'set_property' expects at least one object. [C:/Users/pablo/Documents/Vivado Projects/cable_display7segment/cable_display7segment.srcs/constrs_1/imports/Downloads/Basys3_Master.xdc:83]
Resolution: If [get_<value>] was used to populate the object, check to make sure this command returns at least one valid object.
WARNING: [Vivado 12-584] No ports matched 'b'. [C:/Users/pablo/Documents/Vivado Projects/cable_display7segment/cable_display7segment.srcs/constrs_1/imports/Downloads/Basys3_Master.xdc:84]
CRITICAL WARNING: [Common 17-55] 'set_property' expects at least one object. [C:/Users/pablo/Documents/Vivado Projects/cable_display7segment/cable_display7segment.srcs/constrs_1/imports/Downloads/Basys3_Master.xdc:84]
Resolution: If [get_<value>] was used to populate the object, check to make sure this command returns at least one valid object.
WARNING: [Vivado 12-584] No ports matched 'b'. [C:/Users/pablo/Documents/Vivado Projects/cable_display7segment/cable_display7segment.srcs/constrs_1/imports/Downloads/Basys3_Master.xdc:85]
CRITICAL WARNING: [Common 17-55] 'set_property' expects at least one object. [C:/Users/pablo/Documents/Vivado Projects/cable_display7segment/cable_display7segment.srcs/constrs_1/imports/Downloads/Basys3_Master.xdc:85]
Resolution: If [get_<value>] was used to populate the object, check to make sure this command returns at least one valid object.
WARNING: [Vivado 12-584] No ports matched 'c'. [C:/Users/pablo/Documents/Vivado Projects/cable_display7segment/cable_display7segment.srcs/constrs_1/imports/Downloads/Basys3_Master.xdc:86]
CRITICAL WARNING: [Common 17-55] 'set_property' expects at least one object. [C:/Users/pablo/Documents/Vivado Projects/cable_display7segment/cable_display7segment.srcs/constrs_1/imports/Downloads/Basys3_Master.xdc:86]
Resolution: If [get_<value>] was used to populate the object, check to make sure this command returns at least one valid object.
WARNING: [Vivado 12-584] No ports matched 'c'. [C:/Users/pablo/Documents/Vivado Projects/cable_display7segment/cable_display7segment.srcs/constrs_1/imports/Downloads/Basys3_Master.xdc:87]
CRITICAL WARNING: [Common 17-55] 'set_property' expects at least one object. [C:/Users/pablo/Documents/Vivado Projects/cable_display7segment/cable_display7segment.srcs/constrs_1/imports/Downloads/Basys3_Master.xdc:87]
Resolution: If [get_<value>] was used to populate the object, check to make sure this command returns at least one valid object.
WARNING: [Vivado 12-584] No ports matched 'd'. [C:/Users/pablo/Documents/Vivado Projects/cable_display7segment/cable_display7segment.srcs/constrs_1/imports/Downloads/Basys3_Master.xdc:88]
CRITICAL WARNING: [Common 17-55] 'set_property' expects at least one object. [C:/Users/pablo/Documents/Vivado Projects/cable_display7segment/cable_display7segment.srcs/constrs_1/imports/Downloads/Basys3_Master.xdc:88]
Resolution: If [get_<value>] was used to populate the object, check to make sure this command returns at least one valid object.
WARNING: [Vivado 12-584] No ports matched 'd'. [C:/Users/pablo/Documents/Vivado Projects/cable_display7segment/cable_display7segment.srcs/constrs_1/imports/Downloads/Basys3_Master.xdc:89]
CRITICAL WARNING: [Common 17-55] 'set_property' expects at least one object. [C:/Users/pablo/Documents/Vivado Projects/cable_display7segment/cable_display7segment.srcs/constrs_1/imports/Downloads/Basys3_Master.xdc:89]
Resolution: If [get_<value>] was used to populate the object, check to make sure this command returns at least one valid object.
WARNING: [Vivado 12-584] No ports matched 'e'. [C:/Users/pablo/Documents/Vivado Projects/cable_display7segment/cable_display7segment.srcs/constrs_1/imports/Downloads/Basys3_Master.xdc:90]
CRITICAL WARNING: [Common 17-55] 'set_property' expects at least one object. [C:/Users/pablo/Documents/Vivado Projects/cable_display7segment/cable_display7segment.srcs/constrs_1/imports/Downloads/Basys3_Master.xdc:90]
Resolution: If [get_<value>] was used to populate the object, check to make sure this command returns at least one valid object.
WARNING: [Vivado 12-584] No ports matched 'e'. [C:/Users/pablo/Documents/Vivado Projects/cable_display7segment/cable_display7segment.srcs/constrs_1/imports/Downloads/Basys3_Master.xdc:91]
CRITICAL WARNING: [Common 17-55] 'set_property' expects at least one object. [C:/Users/pablo/Documents/Vivado Projects/cable_display7segment/cable_display7segment.srcs/constrs_1/imports/Downloads/Basys3_Master.xdc:91]
Resolution: If [get_<value>] was used to populate the object, check to make sure this command returns at least one valid object.
WARNING: [Vivado 12-584] No ports matched 'f'. [C:/Users/pablo/Documents/Vivado Projects/cable_display7segment/cable_display7segment.srcs/constrs_1/imports/Downloads/Basys3_Master.xdc:92]
CRITICAL WARNING: [Common 17-55] 'set_property' expects at least one object. [C:/Users/pablo/Documents/Vivado Projects/cable_display7segment/cable_display7segment.srcs/constrs_1/imports/Downloads/Basys3_Master.xdc:92]
Resolution: If [get_<value>] was used to populate the object, check to make sure this command returns at least one valid object.
WARNING: [Vivado 12-584] No ports matched 'f'. [C:/Users/pablo/Documents/Vivado Projects/cable_display7segment/cable_display7segment.srcs/constrs_1/imports/Downloads/Basys3_Master.xdc:93]
CRITICAL WARNING: [Common 17-55] 'set_property' expects at least one object. [C:/Users/pablo/Documents/Vivado Projects/cable_display7segment/cable_display7segment.srcs/constrs_1/imports/Downloads/Basys3_Master.xdc:93]
Resolution: If [get_<value>] was used to populate the object, check to make sure this command returns at least one valid object.
WARNING: [Vivado 12-584] No ports matched 'g'. [C:/Users/pablo/Documents/Vivado Projects/cable_display7segment/cable_display7segment.srcs/constrs_1/imports/Downloads/Basys3_Master.xdc:94]
CRITICAL WARNING: [Common 17-55] 'set_property' expects at least one object. [C:/Users/pablo/Documents/Vivado Projects/cable_display7segment/cable_display7segment.srcs/constrs_1/imports/Downloads/Basys3_Master.xdc:94]
Resolution: If [get_<value>] was used to populate the object, check to make sure this command returns at least one valid object.
WARNING: [Vivado 12-584] No ports matched 'g'. [C:/Users/pablo/Documents/Vivado Projects/cable_display7segment/cable_display7segment.srcs/constrs_1/imports/Downloads/Basys3_Master.xdc:95]
CRITICAL WARNING: [Common 17-55] 'set_property' expects at least one object. [C:/Users/pablo/Documents/Vivado Projects/cable_display7segment/cable_display7segment.srcs/constrs_1/imports/Downloads/Basys3_Master.xdc:95]
Resolution: If [get_<value>] was used to populate the object, check to make sure this command returns at least one valid object.
WARNING: [Vivado 12-584] No ports matched 'point'. [C:/Users/pablo/Documents/Vivado Projects/cable_display7segment/cable_display7segment.srcs/constrs_1/imports/Downloads/Basys3_Master.xdc:97]
CRITICAL WARNING: [Common 17-55] 'set_property' expects at least one object. [C:/Users/pablo/Documents/Vivado Projects/cable_display7segment/cable_display7segment.srcs/constrs_1/imports/Downloads/Basys3_Master.xdc:97]
Resolution: If [get_<value>] was used to populate the object, check to make sure this command returns at least one valid object.
WARNING: [Vivado 12-584] No ports matched 'point'. [C:/Users/pablo/Documents/Vivado Projects/cable_display7segment/cable_display7segment.srcs/constrs_1/imports/Downloads/Basys3_Master.xdc:98]
CRITICAL WARNING: [Common 17-55] 'set_property' expects at least one object. [C:/Users/pablo/Documents/Vivado Projects/cable_display7segment/cable_display7segment.srcs/constrs_1/imports/Downloads/Basys3_Master.xdc:98]
Resolution: If [get_<value>] was used to populate the object, check to make sure this command returns at least one valid object.
WARNING: [Vivado 12-584] No ports matched 'SSEG_AN0'. [C:/Users/pablo/Documents/Vivado Projects/cable_display7segment/cable_display7segment.srcs/constrs_1/imports/Downloads/Basys3_Master.xdc:100]
CRITICAL WARNING: [Common 17-55] 'set_property' expects at least one object. [C:/Users/pablo/Documents/Vivado Projects/cable_display7segment/cable_display7segment.srcs/constrs_1/imports/Downloads/Basys3_Master.xdc:100]
Resolution: If [get_<value>] was used to populate the object, check to make sure this command returns at least one valid object.
WARNING: [Vivado 12-584] No ports matched 'SSEG_AN0'. [C:/Users/pablo/Documents/Vivado Projects/cable_display7segment/cable_display7segment.srcs/constrs_1/imports/Downloads/Basys3_Master.xdc:101]
CRITICAL WARNING: [Common 17-55] 'set_property' expects at least one object. [C:/Users/pablo/Documents/Vivado Projects/cable_display7segment/cable_display7segment.srcs/constrs_1/imports/Downloads/Basys3_Master.xdc:101]
Resolution: If [get_<value>] was used to populate the object, check to make sure this command returns at least one valid object.
WARNING: [Vivado 12-584] No ports matched 'SSEG_AN1'. [C:/Users/pablo/Documents/Vivado Projects/cable_display7segment/cable_display7segment.srcs/constrs_1/imports/Downloads/Basys3_Master.xdc:102]
CRITICAL WARNING: [Common 17-55] 'set_property' expects at least one object. [C:/Users/pablo/Documents/Vivado Projects/cable_display7segment/cable_display7segment.srcs/constrs_1/imports/Downloads/Basys3_Master.xdc:102]
Resolution: If [get_<value>] was used to populate the object, check to make sure this command returns at least one valid object.
WARNING: [Vivado 12-584] No ports matched 'SSEG_AN1'. [C:/Users/pablo/Documents/Vivado Projects/cable_display7segment/cable_display7segment.srcs/constrs_1/imports/Downloads/Basys3_Master.xdc:103]
CRITICAL WARNING: [Common 17-55] 'set_property' expects at least one object. [C:/Users/pablo/Documents/Vivado Projects/cable_display7segment/cable_display7segment.srcs/constrs_1/imports/Downloads/Basys3_Master.xdc:103]
Resolution: If [get_<value>] was used to populate the object, check to make sure this command returns at least one valid object.
WARNING: [Vivado 12-584] No ports matched 'SSEG_AN2'. [C:/Users/pablo/Documents/Vivado Projects/cable_display7segment/cable_display7segment.srcs/constrs_1/imports/Downloads/Basys3_Master.xdc:104]
CRITICAL WARNING: [Common 17-55] 'set_property' expects at least one object. [C:/Users/pablo/Documents/Vivado Projects/cable_display7segment/cable_display7segment.srcs/constrs_1/imports/Downloads/Basys3_Master.xdc:104]
Resolution: If [get_<value>] was used to populate the object, check to make sure this command returns at least one valid object.
WARNING: [Vivado 12-584] No ports matched 'SSEG_AN2'. [C:/Users/pablo/Documents/Vivado Projects/cable_display7segment/cable_display7segment.srcs/constrs_1/imports/Downloads/Basys3_Master.xdc:105]
CRITICAL WARNING: [Common 17-55] 'set_property' expects at least one object. [C:/Users/pablo/Documents/Vivado Projects/cable_display7segment/cable_display7segment.srcs/constrs_1/imports/Downloads/Basys3_Master.xdc:105]
Resolution: If [get_<value>] was used to populate the object, check to make sure this command returns at least one valid object.
WARNING: [Vivado 12-584] No ports matched 'SSEG_AN3'. [C:/Users/pablo/Documents/Vivado Projects/cable_display7segment/cable_display7segment.srcs/constrs_1/imports/Downloads/Basys3_Master.xdc:106]
CRITICAL WARNING: [Common 17-55] 'set_property' expects at least one object. [C:/Users/pablo/Documents/Vivado Projects/cable_display7segment/cable_display7segment.srcs/constrs_1/imports/Downloads/Basys3_Master.xdc:106]
Resolution: If [get_<value>] was used to populate the object, check to make sure this command returns at least one valid object.
WARNING: [Vivado 12-584] No ports matched 'SSEG_AN3'. [C:/Users/pablo/Documents/Vivado Projects/cable_display7segment/cable_display7segment.srcs/constrs_1/imports/Downloads/Basys3_Master.xdc:107]
CRITICAL WARNING: [Common 17-55] 'set_property' expects at least one object. [C:/Users/pablo/Documents/Vivado Projects/cable_display7segment/cable_display7segment.srcs/constrs_1/imports/Downloads/Basys3_Master.xdc:107]
Resolution: If [get_<value>] was used to populate the object, check to make sure this command returns at least one valid object.
Finished Parsing XDC File [C:/Users/pablo/Documents/Vivado Projects/cable_display7segment/cable_display7segment.srcs/constrs_1/imports/Downloads/Basys3_Master.xdc]
INFO: [Opt 31-138] Pushed 0 inverter(s) to 0 load pin(s).
Netlist sorting complete. Time (s): cpu = 00:00:00 ; elapsed = 00:00:00 . Memory (MB): peak = 3826.930 ; gain = 0.000
INFO: [Project 1-111] Unisim Transformation Summary:
No Unisim elements were transformed.

set_property top S7_Segmt [current_fileset]
set_property top_lib xil_defaultlib [current_fileset]
set_property top_arch Behavioral [current_fileset]
set_property top_arch Flujo_datos [current_fileset]
reset_run synth_1
INFO: [Project 1-1161] Replacing file C:/Users/pablo/Documents/Vivado Projects/cable_display7segment/cable_display7segment.srcs/utils_1/imports/synth_1/cable.dcp with file C:/Users/pablo/Documents/Vivado Projects/cable_display7segment/cable_display7segment.runs/synth_1/cable.dcp
launch_runs synth_1 -jobs 12
[Sat Apr 11 17:27:03 2026] Launched synth_1...
Run output will be captured here: C:/Users/pablo/Documents/Vivado Projects/cable_display7segment/cable_display7segment.runs/synth_1/runme.log
launch_runs impl_1 -jobs 12
WARNING: [Project 1-478] Design 'synth_1' is stale and will not be used when launching 'impl_1'
[Sat Apr 11 17:28:55 2026] Launched impl_1...
Run output will be captured here: C:/Users/pablo/Documents/Vivado Projects/cable_display7segment/cable_display7segment.runs/impl_1/runme.log
close_design
open_run impl_1
Netlist sorting complete. Time (s): cpu = 00:00:00 ; elapsed = 00:00:00 . Memory (MB): peak = 3826.930 ; gain = 0.000
INFO: [Project 1-479] Netlist was created with Vivado 2025.2
INFO: [Project 1-570] Preparing netlist for logic optimization
Read ShapeDB Complete: Time (s): cpu = 00:00:00 ; elapsed = 00:00:00.003 . Memory (MB): peak = 3826.930 ; gain = 0.000
INFO: [Timing 38-478] Restoring timing data from binary archive.
INFO: [Timing 38-479] Binary timing data restore complete.
INFO: [Project 1-856] Restoring constraints from binary archive.
INFO: [Project 1-853] Binary constraint restore complete.
INFO: [Designutils 20-5722] Start Reading Physical Databases.
Reading placement.
Read Netlist Cache: Time (s): cpu = 00:00:00 ; elapsed = 00:00:00 . Memory (MB): peak = 3826.930 ; gain = 0.000
Reading placer database...
Read Device Cache: Time (s): cpu = 00:00:00 ; elapsed = 00:00:00.006 . Memory (MB): peak = 3826.930 ; gain = 0.000
Read PlaceDB: Time (s): cpu = 00:00:00 ; elapsed = 00:00:00 . Memory (MB): peak = 3826.930 ; gain = 0.000
Read placeStorage: Time (s): cpu = 00:00:00 ; elapsed = 00:00:00.001 . Memory (MB): peak = 3826.930 ; gain = 0.000
Read PulsedLatchDB: Time (s): cpu = 00:00:00 ; elapsed = 00:00:00 . Memory (MB): peak = 3826.930 ; gain = 0.000
Reading routing.
Read RouteStorage: Time (s): cpu = 00:00:00 ; elapsed = 00:00:00.011 . Memory (MB): peak = 3826.930 ; gain = 0.000
Read Physdb Files: Time (s): cpu = 00:00:00 ; elapsed = 00:00:00.032 . Memory (MB): peak = 3826.930 ; gain = 0.000
Restored from archive | CPU: 0.000000 secs | Memory: 0.000000 MB |
Finished XDEF File Restore: Time (s): cpu = 00:00:00 ; elapsed = 00:00:00.034 . Memory (MB): peak = 3826.930 ; gain = 0.000
Netlist sorting complete. Time (s): cpu = 00:00:00 ; elapsed = 00:00:00 . Memory (MB): peak = 3826.930 ; gain = 0.000
INFO: [Project 1-111] Unisim Transformation Summary:
No Unisim elements were transformed.

open_run: Time (s): cpu = 00:00:11 ; elapsed = 00:00:10 . Memory (MB): peak = 3826.930 ; gain = 0.000
WARNING: [Timing 38-313] There are no user specified timing constraints. Timing constraints are needed for proper timing analysis.
open_run synth_1 -name synth_1
Design is defaulting to impl run constrset: constrs_1
Design is defaulting to synth run part: xc7a35tcpg236-1
Netlist sorting complete. Time (s): cpu = 00:00:00 ; elapsed = 00:00:00 . Memory (MB): peak = 3826.930 ; gain = 0.000
INFO: [Project 1-479] Netlist was created with Vivado 2025.2
INFO: [Project 1-570] Preparing netlist for logic optimization
Parsing XDC File [C:/Users/pablo/Documents/Vivado Projects/cable_display7segment/cable_display7segment.srcs/constrs_1/imports/Downloads/Basys3_Master.xdc]
WARNING: [Vivado 12-584] No ports matched 'input'. [C:/Users/pablo/Documents/Vivado Projects/cable_display7segment/cable_display7segment.srcs/constrs_1/imports/Downloads/Basys3_Master.xdc:36]
CRITICAL WARNING: [Common 17-55] 'set_property' expects at least one object. [C:/Users/pablo/Documents/Vivado Projects/cable_display7segment/cable_display7segment.srcs/constrs_1/imports/Downloads/Basys3_Master.xdc:36]
Resolution: If [get_<value>] was used to populate the object, check to make sure this command returns at least one valid object.
WARNING: [Vivado 12-584] No ports matched 'input'. [C:/Users/pablo/Documents/Vivado Projects/cable_display7segment/cable_display7segment.srcs/constrs_1/imports/Downloads/Basys3_Master.xdc:37]
CRITICAL WARNING: [Common 17-55] 'set_property' expects at least one object. [C:/Users/pablo/Documents/Vivado Projects/cable_display7segment/cable_display7segment.srcs/constrs_1/imports/Downloads/Basys3_Master.xdc:37]
Resolution: If [get_<value>] was used to populate the object, check to make sure this command returns at least one valid object.
WARNING: [Vivado 12-584] No ports matched 'output'. [C:/Users/pablo/Documents/Vivado Projects/cable_display7segment/cable_display7segment.srcs/constrs_1/imports/Downloads/Basys3_Master.xdc:71]
CRITICAL WARNING: [Common 17-55] 'set_property' expects at least one object. [C:/Users/pablo/Documents/Vivado Projects/cable_display7segment/cable_display7segment.srcs/constrs_1/imports/Downloads/Basys3_Master.xdc:71]
Resolution: If [get_<value>] was used to populate the object, check to make sure this command returns at least one valid object.
WARNING: [Vivado 12-584] No ports matched 'output'. [C:/Users/pablo/Documents/Vivado Projects/cable_display7segment/cable_display7segment.srcs/constrs_1/imports/Downloads/Basys3_Master.xdc:72]
CRITICAL WARNING: [Common 17-55] 'set_property' expects at least one object. [C:/Users/pablo/Documents/Vivado Projects/cable_display7segment/cable_display7segment.srcs/constrs_1/imports/Downloads/Basys3_Master.xdc:72]
Resolution: If [get_<value>] was used to populate the object, check to make sure this command returns at least one valid object.
WARNING: [Vivado 12-584] No ports matched 'output'. [C:/Users/pablo/Documents/Vivado Projects/cable_display7segment/cable_display7segment.srcs/constrs_1/imports/Downloads/Basys3_Master.xdc:297]
CRITICAL WARNING: [Common 17-55] 'set_property' expects at least one object. [C:/Users/pablo/Documents/Vivado Projects/cable_display7segment/cable_display7segment.srcs/constrs_1/imports/Downloads/Basys3_Master.xdc:297]
Resolution: If [get_<value>] was used to populate the object, check to make sure this command returns at least one valid object.
Finished Parsing XDC File [C:/Users/pablo/Documents/Vivado Projects/cable_display7segment/cable_display7segment.srcs/constrs_1/imports/Downloads/Basys3_Master.xdc]
INFO: [Opt 31-138] Pushed 0 inverter(s) to 0 load pin(s).
Netlist sorting complete. Time (s): cpu = 00:00:00 ; elapsed = 00:00:00 . Memory (MB): peak = 3826.930 ; gain = 0.000
INFO: [Project 1-111] Unisim Transformation Summary:
No Unisim elements were transformed.

WARNING: [Board 49-26] cannot add Board Part digilentinc.com:arty-s7-25:part0:1.1 available at C:/Users/pablo/Documents/Digilent/vivado-boards-master/new/board_files/arty-s7-25/E.0/board.xml as part xc7s25csga324-1 specified in board_part file is either invalid or not available
WARNING: [Board 49-26] cannot add Board Part digilentinc.com:arty-s7-50:part0:1.1 available at C:/Users/pablo/Documents/Digilent/vivado-boards-master/new/board_files/arty-s7-50/B.0/board.xml as part xc7s50csga324-1 specified in board_part file is either invalid or not available
WARNING: [Board 49-26] cannot add Board Part digilentinc.com:arty-z7-10:part0:1.1 available at C:/Users/pablo/Documents/Digilent/vivado-boards-master/new/board_files/arty-z7-10/A.0/board.xml as part xc7z010clg400-1 specified in board_part file is either invalid or not available
WARNING: [Board 49-26] cannot add Board Part digilentinc.com:arty-z7-20:part0:1.1 available at C:/Users/pablo/Documents/Digilent/vivado-boards-master/new/board_files/arty-z7-20/A.0/board.xml as part xc7z020clg400-1 specified in board_part file is either invalid or not available
WARNING: [Board 49-26] cannot add Board Part digilentinc.com:cmod-s7-25:part0:1.0 available at C:/Users/pablo/Documents/Digilent/vivado-boards-master/new/board_files/cmod-s7-25/B.0/board.xml as part xc7s25csga225-1 specified in board_part file is either invalid or not available
WARNING: [Board 49-26] cannot add Board Part digilentinc.com:cora-z7-07s:part0:1.1 available at C:/Users/pablo/Documents/Digilent/vivado-boards-master/new/board_files/cora-z7-07s/B.0/board.xml as part xc7z007sclg400-1 specified in board_part file is either invalid or not available
WARNING: [Board 49-26] cannot add Board Part digilentinc.com:cora-z7-10:part0:1.1 available at C:/Users/pablo/Documents/Digilent/vivado-boards-master/new/board_files/cora-z7-10/B.0/board.xml as part xc7z010clg400-1 specified in board_part file is either invalid or not available
WARNING: [Board 49-26] cannot add Board Part digilentinc.com:eclypse-z7:part0:1.0 available at C:/Users/pablo/Documents/Digilent/vivado-boards-master/new/board_files/eclypse-z7/A.0/board.xml as part xc7z020clg484-1 specified in board_part file is either invalid or not available
WARNING: [Board 49-26] cannot add Board Part digilentinc.com:eclypse-z7:part0:1.1 available at C:/Users/pablo/Documents/Digilent/vivado-boards-master/new/board_files/eclypse-z7/B.0/board.xml as part xc7z020clg484-1 specified in board_part file is either invalid or not available
WARNING: [Board 49-26] cannot add Board Part digilentinc.com:genesys2:part0:1.1 available at C:/Users/pablo/Documents/Digilent/vivado-boards-master/new/board_files/genesys2/H/board.xml as part xc7k325tffg900-2 specified in board_part file is either invalid or not available
WARNING: [Board 49-26] cannot add Board Part digilentinc.com:gzu_3eg:part0:1.0 available at C:/Users/pablo/Documents/Digilent/vivado-boards-master/new/board_files/genesys-zu-3eg/B.0/board.xml as part xczu3eg-sfvc784-1-e specified in board_part file is either invalid or not available
WARNING: [Board 49-26] cannot add Board Part digilentinc.com:gzu_3eg:part0:1.1 available at C:/Users/pablo/Documents/Digilent/vivado-boards-master/new/board_files/genesys-zu-3eg/D.0/board.xml as part xczu3eg-sfvc784-1-e specified in board_part file is either invalid or not available
WARNING: [Board 49-26] cannot add Board Part digilentinc.com:gzu_5ev:part0:1.1 available at C:/Users/pablo/Documents/Digilent/vivado-boards-master/new/board_files/genesys-zu-5ev/C.0/board.xml as part xczu5ev-sfvc784-1-e specified in board_part file is either invalid or not available
WARNING: [Board 49-26] cannot add Board Part digilentinc.com:sword:part0:1.0 available at C:/Users/pablo/Documents/Digilent/vivado-boards-master/new/board_files/sword/C.0/board.xml as part xc7k325tffg900-2 specified in board_part file is either invalid or not available
WARNING: [Board 49-26] cannot add Board Part digilentinc.com:zedboard:part0:1.1 available at C:/Users/pablo/Documents/Digilent/vivado-boards-master/new/board_files/zedboard/1.3/board.xml as part xc7z020clg484-1 specified in board_part file is either invalid or not available
WARNING: [Board 49-26] cannot add Board Part digilentinc.com:zybo-z7-10:part0:1.2 available at C:/Users/pablo/Documents/Digilent/vivado-boards-master/new/board_files/zybo-z7-10/A.0/board.xml as part xc7z010clg400-1 specified in board_part file is either invalid or not available
WARNING: [Board 49-26] cannot add Board Part digilentinc.com:zybo-z7-20:part0:1.2 available at C:/Users/pablo/Documents/Digilent/vivado-boards-master/new/board_files/zybo-z7-20/A.0/board.xml as part xc7z020clg400-1 specified in board_part file is either invalid or not available
WARNING: [Board 49-26] cannot add Board Part digilentinc.com:zybo:part0:1.0 available at C:/Users/pablo/Documents/Digilent/vivado-boards-master/new/board_files/zybo/B.3/board.xml as part xc7z010clg400-1 specified in board_part file is either invalid or not available
WARNING: [Board 49-26] cannot add Board Part digilentinc.com:zybo:part0:2.0 available at C:/Users/pablo/Documents/Digilent/vivado-boards-master/new/board_files/zybo/B.4/board.xml as part xc7z010clg400-1 specified in board_part file is either invalid or not available
WARNING: [Board 49-26] cannot add Board Part xilinx.com:emb-plus-vpr-4616:part0:1.0 available at C:/AMDDesignTools/2025.2/data/xhub/boards\XilinxBoardStore\boards\Xilinx\emb-plus-vpr-4616\1.0\board.xml as part xcve2302-sfva784-2mp-e-s specified in board_part file is either invalid or not available
WARNING: [Board 49-26] cannot add Board Part xilinx.com:emb-plus-vpr-4616:part0:1.1 available at C:/AMDDesignTools/2025.2/data/xhub/boards\XilinxBoardStore\boards\Xilinx\emb-plus-vpr-4616\1.1\board.xml as part xcve2302-sfva784-2mp-e-s specified in board_part file is either invalid or not available
WARNING: [Board 49-26] cannot add Board Part xilinx.com:k24c:part0:1.0 available at C:/AMDDesignTools/2025.2/data/xhub/boards\XilinxBoardStore\boards\Xilinx\k24c\1.0\board.xml as part xck24-ubva530-2lv-c specified in board_part file is either invalid or not available
WARNING: [Board 49-26] cannot add Board Part xilinx.com:k24c:part0:1.1 available at C:/AMDDesignTools/2025.2/data/xhub/boards\XilinxBoardStore\boards\Xilinx\k24c\1.1\board.xml as part xck24-ubva530-2lv-c specified in board_part file is either invalid or not available
WARNING: [Board 49-26] cannot add Board Part xilinx.com:k24i:part0:1.0 available at C:/AMDDesignTools/2025.2/data/xhub/boards\XilinxBoardStore\boards\Xilinx\k24i\1.0\board.xml as part xck24-ubva530-2lvi-i specified in board_part file is either invalid or not available
WARNING: [Board 49-26] cannot add Board Part xilinx.com:k26c:part0:1.2 available at C:/AMDDesignTools/2025.2/data/xhub/boards\XilinxBoardStore\boards\Xilinx\k26c\1.2\board.xml as part xck26-sfvc784-2lv-c specified in board_part file is either invalid or not available
WARNING: [Board 49-26] cannot add Board Part xilinx.com:k26c:part0:1.3 available at C:/AMDDesignTools/2025.2/data/xhub/boards\XilinxBoardStore\boards\Xilinx\k26c\1.3\board.xml as part xck26-sfvc784-2lv-c specified in board_part file is either invalid or not available
WARNING: [Board 49-26] cannot add Board Part xilinx.com:k26c:part0:1.4 available at C:/AMDDesignTools/2025.2/data/xhub/boards\XilinxBoardStore\boards\Xilinx\k26c\1.4\board.xml as part xck26-sfvc784-2lv-c specified in board_part file is either invalid or not available
WARNING: [Board 49-26] cannot add Board Part xilinx.com:k26i:part0:1.2 available at C:/AMDDesignTools/2025.2/data/xhub/boards\XilinxBoardStore\boards\Xilinx\k26i\1.2\board.xml as part xck26-sfvc784-2lvi-i specified in board_part file is either invalid or not available
WARNING: [Board 49-26] cannot add Board Part xilinx.com:k26i:part0:1.3 available at C:/AMDDesignTools/2025.2/data/xhub/boards\XilinxBoardStore\boards\Xilinx\k26i\1.3\board.xml as part xck26-sfvc784-2lvi-i specified in board_part file is either invalid or not available
WARNING: [Board 49-26] cannot add Board Part xilinx.com:k26i:part0:1.4 available at C:/AMDDesignTools/2025.2/data/xhub/boards\XilinxBoardStore\boards\Xilinx\k26i\1.4\board.xml as part xck26-sfvc784-2lvi-i specified in board_part file is either invalid or not available
WARNING: [Board 49-26] cannot add Board Part xilinx.com:kc705:part0:1.6 available at C:/AMDDesignTools/2025.2/data/xhub/boards\XilinxBoardStore\boards\Xilinx\kc705\1.6\board.xml as part xc7k325tffg900-2 specified in board_part file is either invalid or not available
WARNING: [Board 49-26] cannot add Board Part xilinx.com:kc705:part0:1.7 available at C:/AMDDesignTools/2025.2/data/xhub/boards\XilinxBoardStore\boards\Xilinx\kc705\1.7\board.xml as part xc7k325tffg900-2 specified in board_part file is either invalid or not available
WARNING: [Board 49-26] cannot add Board Part xilinx.com:kcu105:part0:1.6 available at C:/AMDDesignTools/2025.2/data/xhub/boards\XilinxBoardStore\boards\Xilinx\kcu105\1.6\board.xml as part xcku040-ffva1156-2-e specified in board_part file is either invalid or not available
WARNING: [Board 49-26] cannot add Board Part xilinx.com:kcu105:part0:1.7 available at C:/AMDDesignTools/2025.2/data/xhub/boards\XilinxBoardStore\boards\Xilinx\kcu105\1.7\board.xml as part xcku040-ffva1156-2-e specified in board_part file is either invalid or not available
WARNING: [Board 49-26] cannot add Board Part xilinx.com:kcu116:part0:1.4 available at C:/AMDDesignTools/2025.2/data/xhub/boards\XilinxBoardStore\boards\Xilinx\kcu116\1.4\board.xml as part xcku5p-ffvb676-2-e specified in board_part file is either invalid or not available
WARNING: [Board 49-26] cannot add Board Part xilinx.com:kcu116:part0:1.5 available at C:/AMDDesignTools/2025.2/data/xhub/boards\XilinxBoardStore\boards\Xilinx\kcu116\1.5\board.xml as part xcku5p-ffvb676-2-e specified in board_part file is either invalid or not available
WARNING: [Board 49-26] cannot add Board Part xilinx.com:kcu1500:part0:1.2 available at C:/AMDDesignTools/2025.2/data/xhub/boards\XilinxBoardStore\boards\Xilinx\kcu1500\1.2\board.xml as part xcku115-flvb2104-2-e specified in board_part file is either invalid or not available
WARNING: [Board 49-26] cannot add Board Part xilinx.com:kd240_som:part0:1.0 available at C:/AMDDesignTools/2025.2/data/xhub/boards\XilinxBoardStore\boards\Xilinx\kd240_som\1.0\board.xml as part xck24-ubva530-2lv-c specified in board_part file is either invalid or not available
WARNING: [Board 49-26] cannot add Board Part xilinx.com:kd240_som:part0:1.1 available at C:/AMDDesignTools/2025.2/data/xhub/boards\XilinxBoardStore\boards\Xilinx\kd240_som\1.1\board.xml as part xck24-ubva530-2lv-c specified in board_part file is either invalid or not available
WARNING: [Board 49-26] cannot add Board Part xilinx.com:kr260_som:part0:1.0 available at C:/AMDDesignTools/2025.2/data/xhub/boards\XilinxBoardStore\boards\Xilinx\kr260_som\1.0\board.xml as part xck26-sfvc784-2lv-c specified in board_part file is either invalid or not available
WARNING: [Board 49-26] cannot add Board Part xilinx.com:kr260_som:part0:1.1 available at C:/AMDDesignTools/2025.2/data/xhub/boards\XilinxBoardStore\boards\Xilinx\kr260_som\1.1\board.xml as part xck26-sfvc784-2lv-c specified in board_part file is either invalid or not available
WARNING: [Board 49-26] cannot add Board Part xilinx.com:kv260_som:part0:1.2 available at C:/AMDDesignTools/2025.2/data/xhub/boards\XilinxBoardStore\boards\Xilinx\kv260_som\1.2\board.xml as part xck26-sfvc784-2lv-c specified in board_part file is either invalid or not available
WARNING: [Board 49-26] cannot add Board Part xilinx.com:kv260_som:part0:1.3 available at C:/AMDDesignTools/2025.2/data/xhub/boards\XilinxBoardStore\boards\Xilinx\kv260_som\1.3\board.xml as part xck26-sfvc784-2lv-c specified in board_part file is either invalid or not available
WARNING: [Board 49-26] cannot add Board Part xilinx.com:kv260_som:part0:1.4 available at C:/AMDDesignTools/2025.2/data/xhub/boards\XilinxBoardStore\boards\Xilinx\kv260_som\1.4\board.xml as part xck26-sfvc784-2lv-c specified in board_part file is either invalid or not available
WARNING: [Board 49-26] cannot add Board Part xilinx.com:scu35:part0:1.0 available at C:/AMDDesignTools/2025.2/data/xhub/boards\XilinxBoardStore\boards\Xilinx\scu35\1.0\board.xml as part xcsu35p-sbvb625-2-e specified in board_part file is either invalid or not available
WARNING: [Board 49-26] cannot add Board Part xilinx.com:sp701:part0:1.0 available at C:/AMDDesignTools/2025.2/data/xhub/boards\XilinxBoardStore\boards\Xilinx\sp701\1.0\board.xml as part xc7s100fgga676-2 specified in board_part file is either invalid or not available
WARNING: [Board 49-26] cannot add Board Part xilinx.com:sp701:part0:1.1 available at C:/AMDDesignTools/2025.2/data/xhub/boards\XilinxBoardStore\boards\Xilinx\sp701\1.1\board.xml as part xc7s100fgga676-2 specified in board_part file is either invalid or not available
WARNING: [Board 49-26] cannot add Board Part xilinx.com:v80:part0:1.0 available at C:/AMDDesignTools/2025.2/data/xhub/boards\XilinxBoardStore\boards\Xilinx\v80\1.0\board.xml as part xcv80-lsva4737-2mhp-e-s specified in board_part file is either invalid or not available
WARNING: [Board 49-26] cannot add Board Part xilinx.com:vc707:part0:1.4 available at C:/AMDDesignTools/2025.2/data/xhub/boards\XilinxBoardStore\boards\Xilinx\vc707\1.4\board.xml as part xc7vx485tffg1761-2 specified in board_part file is either invalid or not available
WARNING: [Board 49-26] cannot add Board Part xilinx.com:vc707:part0:1.5 available at C:/AMDDesignTools/2025.2/data/xhub/boards\XilinxBoardStore\boards\Xilinx\vc707\1.5\board.xml as part xc7vx485tffg1761-2 specified in board_part file is either invalid or not available
WARNING: [Board 49-26] cannot add Board Part xilinx.com:vc709:part0:1.8 available at C:/AMDDesignTools/2025.2/data/xhub/boards\XilinxBoardStore\boards\Xilinx\vc709\1.8\board.xml as part xc7vx690tffg1761-2 specified in board_part file is either invalid or not available
WARNING: [Board 49-26] cannot add Board Part xilinx.com:vck190:part0:2.2 available at C:/AMDDesignTools/2025.2/data/xhub/boards\XilinxBoardStore\boards\Xilinx\vck190\production\2.2\board.xml as part xcvc1902-vsva2197-2mp-e-s specified in board_part file is either invalid or not available
WARNING: [Board 49-26] cannot add Board Part xilinx.com:vck190:part0:3.0 available at C:/AMDDesignTools/2025.2/data/xhub/boards\XilinxBoardStore\boards\Xilinx\vck190\production\3.0\board.xml as part xcvc1902-vsva2197-2mp-e-s specified in board_part file is either invalid or not available
WARNING: [Board 49-26] cannot add Board Part xilinx.com:vck190:part0:3.1 available at C:/AMDDesignTools/2025.2/data/xhub/boards\XilinxBoardStore\boards\Xilinx\vck190\production\3.1\board.xml as part xcvc1902-vsva2197-2mp-e-s specified in board_part file is either invalid or not available
WARNING: [Board 49-26] cannot add Board Part xilinx.com:vck190:part0:3.2 available at C:/AMDDesignTools/2025.2/data/xhub/boards\XilinxBoardStore\boards\Xilinx\vck190\production\3.2\board.xml as part xcvc1902-vsva2197-2mp-e-s specified in board_part file is either invalid or not available
WARNING: [Board 49-26] cannot add Board Part xilinx.com:vck190:part0:3.3 available at C:/AMDDesignTools/2025.2/data/xhub/boards\XilinxBoardStore\boards\Xilinx\vck190\production\3.3\board.xml as part xcvc1902-vsva2197-2mp-e-s specified in board_part file is either invalid or not available
WARNING: [Board 49-26] cannot add Board Part xilinx.com:vck190:part0:3.4 available at C:/AMDDesignTools/2025.2/data/xhub/boards\XilinxBoardStore\boards\Xilinx\vck190\production\3.4\board.xml as part xcvc1902-vsva2197-2mp-e-s specified in board_part file is either invalid or not available
WARNING: [Board 49-26] cannot add Board Part xilinx.com:vck190_newl:part0:1.0 available at C:/AMDDesignTools/2025.2/data/xhub/boards\XilinxBoardStore\boards\Xilinx\vck190_newl\production\1.0\board.xml as part xcvc1902-vsva2197-2mp-e-s specified in board_part file is either invalid or not available
WARNING: [Board 49-26] cannot add Board Part xilinx.com:vck190_newl:part0:1.1 available at C:/AMDDesignTools/2025.2/data/xhub/boards\XilinxBoardStore\boards\Xilinx\vck190_newl\production\1.1\board.xml as part xcvc1902-vsva2197-2mp-e-s specified in board_part file is either invalid or not available
WARNING: [Board 49-26] cannot add Board Part xilinx.com:vck190_newl:part0:1.2 available at C:/AMDDesignTools/2025.2/data/xhub/boards\XilinxBoardStore\boards\Xilinx\vck190_newl\production\1.2\board.xml as part xcvc1902-vsva2197-2mp-e-s specified in board_part file is either invalid or not available
WARNING: [Board 49-26] cannot add Board Part xilinx.com:vck190_newl:part0:1.3 available at C:/AMDDesignTools/2025.2/data/xhub/boards\XilinxBoardStore\boards\Xilinx\vck190_newl\production\1.3\board.xml as part xcvc1902-vsva2197-2mp-e-s specified in board_part file is either invalid or not available
WARNING: [Board 49-26] cannot add Board Part xilinx.com:vcu108:part0:1.6 available at C:/AMDDesignTools/2025.2/data/xhub/boards\XilinxBoardStore\boards\Xilinx\vcu108\1.6\board.xml as part xcvu095-ffva2104-2-e specified in board_part file is either invalid or not available
WARNING: [Board 49-26] cannot add Board Part xilinx.com:vcu108:part0:1.7 available at C:/AMDDesignTools/2025.2/data/xhub/boards\XilinxBoardStore\boards\Xilinx\vcu108\1.7\board.xml as part xcvu095-ffva2104-2-e specified in board_part file is either invalid or not available
WARNING: [Board 49-26] cannot add Board Part xilinx.com:vcu110:part0:1.4 available at C:/AMDDesignTools/2025.2/data/xhub/boards\XilinxBoardStore\boards\Xilinx\vcu110\1.4\board.xml as part xcvu190-flgc2104-2-e specified in board_part file is either invalid or not available
WARNING: [Board 49-26] cannot add Board Part xilinx.com:vcu118:part0:2.0 available at C:/AMDDesignTools/2025.2/data/xhub/boards\XilinxBoardStore\boards\Xilinx\vcu118\2.0\board.xml as part xcvu9p-flga2104-2l-e specified in board_part file is either invalid or not available
WARNING: [Board 49-26] cannot add Board Part xilinx.com:vcu118:part0:2.3 available at C:/AMDDesignTools/2025.2/data/xhub/boards\XilinxBoardStore\boards\Xilinx\vcu118\2.3\board.xml as part xcvu9p-flga2104-2l-e specified in board_part file is either invalid or not available
WARNING: [Board 49-26] cannot add Board Part xilinx.com:vcu118:part0:2.4 available at C:/AMDDesignTools/2025.2/data/xhub/boards\XilinxBoardStore\boards\Xilinx\vcu118\2.4\board.xml as part xcvu9p-flga2104-2l-e specified in board_part file is either invalid or not available
WARNING: [Board 49-26] cannot add Board Part xilinx.com:vcu128:part0:1.0 available at C:/AMDDesignTools/2025.2/data/xhub/boards\XilinxBoardStore\boards\Xilinx\vcu128\production\1.0\board.xml as part xcvu37p-fsvh2892-2l-e specified in board_part file is either invalid or not available
WARNING: [Board 49-26] cannot add Board Part xilinx.com:vcu129:part0:1.0 available at C:/AMDDesignTools/2025.2/data/xhub/boards\XilinxBoardStore\boards\Xilinx\vcu129\production\1.0\board.xml as part xcvu29p-fsga2577-2l-e specified in board_part file is either invalid or not available
WARNING: [Board 49-26] cannot add Board Part xilinx.com:vcu1525:part0:1.3 available at C:/AMDDesignTools/2025.2/data/xhub/boards\XilinxBoardStore\boards\Xilinx\vcu1525\1.3\board.xml as part xcvu9p-fsgd2104-2l-e specified in board_part file is either invalid or not available
WARNING: [Board 49-26] cannot add Board Part xilinx.com:vek280:part0:1.0 available at C:/AMDDesignTools/2025.2/data/xhub/boards\XilinxBoardStore\boards\Xilinx\vek280\production\1.0\board.xml as part xcve2802-vsvh1760-2mp-e-s specified in board_part file is either invalid or not available
WARNING: [Board 49-26] cannot add Board Part xilinx.com:vek280:part0:1.1 available at C:/AMDDesignTools/2025.2/data/xhub/boards\XilinxBoardStore\boards\Xilinx\vek280\production\1.1\board.xml as part xcve2802-vsvh1760-2mp-e-s specified in board_part file is either invalid or not available
WARNING: [Board 49-26] cannot add Board Part xilinx.com:vek280:part0:1.2 available at C:/AMDDesignTools/2025.2/data/xhub/boards\XilinxBoardStore\boards\Xilinx\vek280\production\1.2\board.xml as part xcve2802-vsvh1760-2mp-e-s specified in board_part file is either invalid or not available
WARNING: [Board 49-26] cannot add Board Part xilinx.com:vek385:part0:1.0 available at C:/AMDDesignTools/2025.2/data/xhub/boards\XilinxBoardStore\boards\Xilinx\vek385\1.0\board.xml as part xc2ve3858-ssva2112-2mp-e-s specified in board_part file is either invalid or not available
WARNING: [Board 49-26] cannot add Board Part xilinx.com:vek385:part0:1.1 available at C:/AMDDesignTools/2025.2/data/xhub/boards\XilinxBoardStore\boards\Xilinx\vek385\1.1\board.xml as part xc2ve3858-ssva2112-2mp-e-s specified in board_part file is either invalid or not available
WARNING: [Board 49-26] cannot add Board Part xilinx.com:vek385_1:part0:1.0 available at C:/AMDDesignTools/2025.2/data/xhub/boards\XilinxBoardStore\boards\Xilinx\vek385_2\1.0\board.xml as part xc2ve3858-ssva2112-2mp-e-s specified in board_part file is either invalid or not available
WARNING: [Board 49-26] cannot add Board Part xilinx.com:vermeo_t1_mpsoc:part0:1.0 available at C:/AMDDesignTools/2025.2/data/xhub/boards\XilinxBoardStore\boards\Xilinx\vermeo_t1_mpsoc\1.0\board.xml as part xczu19eg-ffvd1760-2l-e specified in board_part file is either invalid or not available
WARNING: [Board 49-26] cannot add Board Part xilinx.com:vermeo_t1_rfsoc:part0:1.0 available at C:/AMDDesignTools/2025.2/data/xhub/boards\XilinxBoardStore\boards\Xilinx\vermeo_t1_rfsoc\1.0\board.xml as part xczu21dr-ffvd1156-2l-e specified in board_part file is either invalid or not available
WARNING: [Board 49-26] cannot add Board Part xilinx.com:vhk158:part0:1.0 available at C:/AMDDesignTools/2025.2/data/xhub/boards\XilinxBoardStore\boards\Xilinx\vhk158\production\1.0\board.xml as part xcvh1582-vsva3697-2mp-e-s specified in board_part file is either invalid or not available
WARNING: [Board 49-26] cannot add Board Part xilinx.com:vhk158:part0:1.1 available at C:/AMDDesignTools/2025.2/data/xhub/boards\XilinxBoardStore\boards\Xilinx\vhk158\production\1.1\board.xml as part xcvh1582-vsva3697-2mp-e-s specified in board_part file is either invalid or not available
WARNING: [Board 49-26] cannot add Board Part xilinx.com:vhk158:part0:1.2 available at C:/AMDDesignTools/2025.2/data/xhub/boards\XilinxBoardStore\boards\Xilinx\vhk158\production\1.2\board.xml as part xcvh1582-vsva3697-2mp-e-s specified in board_part file is either invalid or not available
WARNING: [Board 49-26] cannot add Board Part xilinx.com:vmk180:part0:2.2 available at C:/AMDDesignTools/2025.2/data/xhub/boards\XilinxBoardStore\boards\Xilinx\vmk180\production\2.2\board.xml as part xcvm1802-vsva2197-2mp-e-s specified in board_part file is either invalid or not available
WARNING: [Board 49-26] cannot add Board Part xilinx.com:vmk180:part0:3.0 available at C:/AMDDesignTools/2025.2/data/xhub/boards\XilinxBoardStore\boards\Xilinx\vmk180\production\3.0\board.xml as part xcvm1802-vsva2197-2mp-e-s specified in board_part file is either invalid or not available
WARNING: [Board 49-26] cannot add Board Part xilinx.com:vmk180:part0:3.1 available at C:/AMDDesignTools/2025.2/data/xhub/boards\XilinxBoardStore\boards\Xilinx\vmk180\production\3.1\board.xml as part xcvm1802-vsva2197-2mp-e-s specified in board_part file is either invalid or not available
WARNING: [Board 49-26] cannot add Board Part xilinx.com:vmk180:part0:3.2 available at C:/AMDDesignTools/2025.2/data/xhub/boards\XilinxBoardStore\boards\Xilinx\vmk180\production\3.2\board.xml as part xcvm1802-vsva2197-2mp-e-s specified in board_part file is either invalid or not available
WARNING: [Board 49-26] cannot add Board Part xilinx.com:vmk180:part0:3.3 available at C:/AMDDesignTools/2025.2/data/xhub/boards\XilinxBoardStore\boards\Xilinx\vmk180\production\3.3\board.xml as part xcvm1802-vsva2197-2mp-e-s specified in board_part file is either invalid or not available
WARNING: [Board 49-26] cannot add Board Part xilinx.com:vmk180_newl:part0:1.0 available at C:/AMDDesignTools/2025.2/data/xhub/boards\XilinxBoardStore\boards\Xilinx\vmk180_newl\production\1.0\board.xml as part xcvm1802-vsva2197-2mp-e-s specified in board_part file is either invalid or not available
WARNING: [Board 49-26] cannot add Board Part xilinx.com:vmk180_newl:part0:1.1 available at C:/AMDDesignTools/2025.2/data/xhub/boards\XilinxBoardStore\boards\Xilinx\vmk180_newl\production\1.1\board.xml as part xcvm1802-vsva2197-2mp-e-s specified in board_part file is either invalid or not available
WARNING: [Board 49-26] cannot add Board Part xilinx.com:vpk120:part0:1.0 available at C:/AMDDesignTools/2025.2/data/xhub/boards\XilinxBoardStore\boards\Xilinx\vpk120\production\1.0\board.xml as part xcvp1202-vsva2785-2mp-e-s specified in board_part file is either invalid or not available
WARNING: [Board 49-26] cannot add Board Part xilinx.com:vpk120:part0:1.1 available at C:/AMDDesignTools/2025.2/data/xhub/boards\XilinxBoardStore\boards\Xilinx\vpk120\production\1.1\board.xml as part xcvp1202-vsva2785-2mp-e-s specified in board_part file is either invalid or not available
WARNING: [Board 49-26] cannot add Board Part xilinx.com:vpk120:part0:1.2 available at C:/AMDDesignTools/2025.2/data/xhub/boards\XilinxBoardStore\boards\Xilinx\vpk120\production\1.2\board.xml as part xcvp1202-vsva2785-2mp-e-s specified in board_part file is either invalid or not available
WARNING: [Board 49-26] cannot add Board Part xilinx.com:vpk180:part0:1.0 available at C:/AMDDesignTools/2025.2/data/xhub/boards\XilinxBoardStore\boards\Xilinx\vpk180\production\1.0\board.xml as part xcvp1802-lsvc4072-2mp-e-s specified in board_part file is either invalid or not available
WARNING: [Board 49-26] cannot add Board Part xilinx.com:vpk180:part0:1.1 available at C:/AMDDesignTools/2025.2/data/xhub/boards\XilinxBoardStore\boards\Xilinx\vpk180\production\1.1\board.xml as part xcvp1802-lsvc4072-2mp-e-s specified in board_part file is either invalid or not available
WARNING: [Board 49-26] cannot add Board Part xilinx.com:vpk180:part0:1.2 available at C:/AMDDesignTools/2025.2/data/xhub/boards\XilinxBoardStore\boards\Xilinx\vpk180\production\1.2\board.xml as part xcvp1802-lsvc4072-2mp-e-s specified in board_part file is either invalid or not available
WARNING: [Board 49-26] cannot add Board Part xilinx.com:vrk160:part0:1.0 available at C:/AMDDesignTools/2025.2/data/xhub/boards\XilinxBoardStore\boards\Xilinx\vrk160\1.0\board.xml as part xcvr1602-vsva2488-2mp-e-s-es1 specified in board_part file is either invalid or not available
WARNING: [Board 49-26] cannot add Board Part xilinx.com:vrk160:part0:1.1 available at C:/AMDDesignTools/2025.2/data/xhub/boards\XilinxBoardStore\boards\Xilinx\vrk160\1.1\board.xml as part xcvr1602-vsva2488-2mp-e-s-es1 specified in board_part file is either invalid or not available
WARNING: [Board 49-26] cannot add Board Part xilinx.com:zc702:part0:1.4 available at C:/AMDDesignTools/2025.2/data/xhub/boards\XilinxBoardStore\boards\Xilinx\zc702\1.4\board.xml as part xc7z020clg484-1 specified in board_part file is either invalid or not available
WARNING: [Board 49-26] cannot add Board Part xilinx.com:zc706:part0:1.4 available at C:/AMDDesignTools/2025.2/data/xhub/boards\XilinxBoardStore\boards\Xilinx\zc706\1.4\board.xml as part xc7z045ffg900-2 specified in board_part file is either invalid or not available
WARNING: [Board 49-26] cannot add Board Part xilinx.com:zc706:part0:1.5 available at C:/AMDDesignTools/2025.2/data/xhub/boards\XilinxBoardStore\boards\Xilinx\zc706\1.5\board.xml as part xc7z045ffg900-2 specified in board_part file is either invalid or not available
WARNING: [Board 49-26] cannot add Board Part xilinx.com:zcu102:part0:3.3 available at C:/AMDDesignTools/2025.2/data/xhub/boards\XilinxBoardStore\boards\Xilinx\zcu102\3.3\board.xml as part xczu9eg-ffvb1156-2-e specified in board_part file is either invalid or not available
INFO: [Common 17-14] Message 'Board 49-26' appears 100 times and further instances of the messages will be disabled. Use the Tcl command set_msg_config to change the current settings.
create_project Practica6_1 {C:/Users/pablo/Documents/Vivado Projects/Practica6_1} -part xc7a35tcpg236-1
INFO: [IP_Flow 19-234] Refreshing IP repositories
INFO: [IP_Flow 19-1704] No user IP repositories specified
INFO: [IP_Flow 19-2313] Loaded Vivado IP repository 'C:/AMDDesignTools/2025.2/Vivado/data/ip'.
WARNING: [Board 49-26] cannot add Board Part digilentinc.com:arty-s7-25:part0:1.1 available at C:/Users/pablo/Documents/Digilent/vivado-boards-master/new/board_files/arty-s7-25/E.0/board.xml as part xc7s25csga324-1 specified in board_part file is either invalid or not available
WARNING: [Board 49-26] cannot add Board Part digilentinc.com:arty-s7-50:part0:1.1 available at C:/Users/pablo/Documents/Digilent/vivado-boards-master/new/board_files/arty-s7-50/B.0/board.xml as part xc7s50csga324-1 specified in board_part file is either invalid or not available
WARNING: [Board 49-26] cannot add Board Part digilentinc.com:arty-z7-10:part0:1.1 available at C:/Users/pablo/Documents/Digilent/vivado-boards-master/new/board_files/arty-z7-10/A.0/board.xml as part xc7z010clg400-1 specified in board_part file is either invalid or not available
WARNING: [Board 49-26] cannot add Board Part digilentinc.com:arty-z7-20:part0:1.1 available at C:/Users/pablo/Documents/Digilent/vivado-boards-master/new/board_files/arty-z7-20/A.0/board.xml as part xc7z020clg400-1 specified in board_part file is either invalid or not available
WARNING: [Board 49-26] cannot add Board Part digilentinc.com:cmod-s7-25:part0:1.0 available at C:/Users/pablo/Documents/Digilent/vivado-boards-master/new/board_files/cmod-s7-25/B.0/board.xml as part xc7s25csga225-1 specified in board_part file is either invalid or not available
WARNING: [Board 49-26] cannot add Board Part digilentinc.com:cora-z7-07s:part0:1.1 available at C:/Users/pablo/Documents/Digilent/vivado-boards-master/new/board_files/cora-z7-07s/B.0/board.xml as part xc7z007sclg400-1 specified in board_part file is either invalid or not available
WARNING: [Board 49-26] cannot add Board Part digilentinc.com:cora-z7-10:part0:1.1 available at C:/Users/pablo/Documents/Digilent/vivado-boards-master/new/board_files/cora-z7-10/B.0/board.xml as part xc7z010clg400-1 specified in board_part file is either invalid or not available
WARNING: [Board 49-26] cannot add Board Part digilentinc.com:eclypse-z7:part0:1.0 available at C:/Users/pablo/Documents/Digilent/vivado-boards-master/new/board_files/eclypse-z7/A.0/board.xml as part xc7z020clg484-1 specified in board_part file is either invalid or not available
WARNING: [Board 49-26] cannot add Board Part digilentinc.com:eclypse-z7:part0:1.1 available at C:/Users/pablo/Documents/Digilent/vivado-boards-master/new/board_files/eclypse-z7/B.0/board.xml as part xc7z020clg484-1 specified in board_part file is either invalid or not available
WARNING: [Board 49-26] cannot add Board Part digilentinc.com:genesys2:part0:1.1 available at C:/Users/pablo/Documents/Digilent/vivado-boards-master/new/board_files/genesys2/H/board.xml as part xc7k325tffg900-2 specified in board_part file is either invalid or not available
WARNING: [Board 49-26] cannot add Board Part digilentinc.com:gzu_3eg:part0:1.0 available at C:/Users/pablo/Documents/Digilent/vivado-boards-master/new/board_files/genesys-zu-3eg/B.0/board.xml as part xczu3eg-sfvc784-1-e specified in board_part file is either invalid or not available
WARNING: [Board 49-26] cannot add Board Part digilentinc.com:gzu_3eg:part0:1.1 available at C:/Users/pablo/Documents/Digilent/vivado-boards-master/new/board_files/genesys-zu-3eg/D.0/board.xml as part xczu3eg-sfvc784-1-e specified in board_part file is either invalid or not available
WARNING: [Board 49-26] cannot add Board Part digilentinc.com:gzu_5ev:part0:1.1 available at C:/Users/pablo/Documents/Digilent/vivado-boards-master/new/board_files/genesys-zu-5ev/C.0/board.xml as part xczu5ev-sfvc784-1-e specified in board_part file is either invalid or not available
WARNING: [Board 49-26] cannot add Board Part digilentinc.com:sword:part0:1.0 available at C:/Users/pablo/Documents/Digilent/vivado-boards-master/new/board_files/sword/C.0/board.xml as part xc7k325tffg900-2 specified in board_part file is either invalid or not available
WARNING: [Board 49-26] cannot add Board Part digilentinc.com:zedboard:part0:1.1 available at C:/Users/pablo/Documents/Digilent/vivado-boards-master/new/board_files/zedboard/1.3/board.xml as part xc7z020clg484-1 specified in board_part file is either invalid or not available
WARNING: [Board 49-26] cannot add Board Part digilentinc.com:zybo-z7-10:part0:1.2 available at C:/Users/pablo/Documents/Digilent/vivado-boards-master/new/board_files/zybo-z7-10/A.0/board.xml as part xc7z010clg400-1 specified in board_part file is either invalid or not available
WARNING: [Board 49-26] cannot add Board Part digilentinc.com:zybo-z7-20:part0:1.2 available at C:/Users/pablo/Documents/Digilent/vivado-boards-master/new/board_files/zybo-z7-20/A.0/board.xml as part xc7z020clg400-1 specified in board_part file is either invalid or not available
WARNING: [Board 49-26] cannot add Board Part digilentinc.com:zybo:part0:1.0 available at C:/Users/pablo/Documents/Digilent/vivado-boards-master/new/board_files/zybo/B.3/board.xml as part xc7z010clg400-1 specified in board_part file is either invalid or not available
WARNING: [Board 49-26] cannot add Board Part digilentinc.com:zybo:part0:2.0 available at C:/Users/pablo/Documents/Digilent/vivado-boards-master/new/board_files/zybo/B.4/board.xml as part xc7z010clg400-1 specified in board_part file is either invalid or not available
WARNING: [Board 49-26] cannot add Board Part xilinx.com:emb-plus-vpr-4616:part0:1.0 available at C:/AMDDesignTools/2025.2/data/xhub/boards\XilinxBoardStore\boards\Xilinx\emb-plus-vpr-4616\1.0\board.xml as part xcve2302-sfva784-2mp-e-s specified in board_part file is either invalid or not available
WARNING: [Board 49-26] cannot add Board Part xilinx.com:emb-plus-vpr-4616:part0:1.1 available at C:/AMDDesignTools/2025.2/data/xhub/boards\XilinxBoardStore\boards\Xilinx\emb-plus-vpr-4616\1.1\board.xml as part xcve2302-sfva784-2mp-e-s specified in board_part file is either invalid or not available
WARNING: [Board 49-26] cannot add Board Part xilinx.com:k24c:part0:1.0 available at C:/AMDDesignTools/2025.2/data/xhub/boards\XilinxBoardStore\boards\Xilinx\k24c\1.0\board.xml as part xck24-ubva530-2lv-c specified in board_part file is either invalid or not available
WARNING: [Board 49-26] cannot add Board Part xilinx.com:k24c:part0:1.1 available at C:/AMDDesignTools/2025.2/data/xhub/boards\XilinxBoardStore\boards\Xilinx\k24c\1.1\board.xml as part xck24-ubva530-2lv-c specified in board_part file is either invalid or not available
WARNING: [Board 49-26] cannot add Board Part xilinx.com:k24i:part0:1.0 available at C:/AMDDesignTools/2025.2/data/xhub/boards\XilinxBoardStore\boards\Xilinx\k24i\1.0\board.xml as part xck24-ubva530-2lvi-i specified in board_part file is either invalid or not available
WARNING: [Board 49-26] cannot add Board Part xilinx.com:k26c:part0:1.2 available at C:/AMDDesignTools/2025.2/data/xhub/boards\XilinxBoardStore\boards\Xilinx\k26c\1.2\board.xml as part xck26-sfvc784-2lv-c specified in board_part file is either invalid or not available
WARNING: [Board 49-26] cannot add Board Part xilinx.com:k26c:part0:1.3 available at C:/AMDDesignTools/2025.2/data/xhub/boards\XilinxBoardStore\boards\Xilinx\k26c\1.3\board.xml as part xck26-sfvc784-2lv-c specified in board_part file is either invalid or not available
WARNING: [Board 49-26] cannot add Board Part xilinx.com:k26c:part0:1.4 available at C:/AMDDesignTools/2025.2/data/xhub/boards\XilinxBoardStore\boards\Xilinx\k26c\1.4\board.xml as part xck26-sfvc784-2lv-c specified in board_part file is either invalid or not available
WARNING: [Board 49-26] cannot add Board Part xilinx.com:k26i:part0:1.2 available at C:/AMDDesignTools/2025.2/data/xhub/boards\XilinxBoardStore\boards\Xilinx\k26i\1.2\board.xml as part xck26-sfvc784-2lvi-i specified in board_part file is either invalid or not available
WARNING: [Board 49-26] cannot add Board Part xilinx.com:k26i:part0:1.3 available at C:/AMDDesignTools/2025.2/data/xhub/boards\XilinxBoardStore\boards\Xilinx\k26i\1.3\board.xml as part xck26-sfvc784-2lvi-i specified in board_part file is either invalid or not available
WARNING: [Board 49-26] cannot add Board Part xilinx.com:k26i:part0:1.4 available at C:/AMDDesignTools/2025.2/data/xhub/boards\XilinxBoardStore\boards\Xilinx\k26i\1.4\board.xml as part xck26-sfvc784-2lvi-i specified in board_part file is either invalid or not available
WARNING: [Board 49-26] cannot add Board Part xilinx.com:kc705:part0:1.6 available at C:/AMDDesignTools/2025.2/data/xhub/boards\XilinxBoardStore\boards\Xilinx\kc705\1.6\board.xml as part xc7k325tffg900-2 specified in board_part file is either invalid or not available
WARNING: [Board 49-26] cannot add Board Part xilinx.com:kc705:part0:1.7 available at C:/AMDDesignTools/2025.2/data/xhub/boards\XilinxBoardStore\boards\Xilinx\kc705\1.7\board.xml as part xc7k325tffg900-2 specified in board_part file is either invalid or not available
WARNING: [Board 49-26] cannot add Board Part xilinx.com:kcu105:part0:1.6 available at C:/AMDDesignTools/2025.2/data/xhub/boards\XilinxBoardStore\boards\Xilinx\kcu105\1.6\board.xml as part xcku040-ffva1156-2-e specified in board_part file is either invalid or not available
WARNING: [Board 49-26] cannot add Board Part xilinx.com:kcu105:part0:1.7 available at C:/AMDDesignTools/2025.2/data/xhub/boards\XilinxBoardStore\boards\Xilinx\kcu105\1.7\board.xml as part xcku040-ffva1156-2-e specified in board_part file is either invalid or not available
WARNING: [Board 49-26] cannot add Board Part xilinx.com:kcu116:part0:1.4 available at C:/AMDDesignTools/2025.2/data/xhub/boards\XilinxBoardStore\boards\Xilinx\kcu116\1.4\board.xml as part xcku5p-ffvb676-2-e specified in board_part file is either invalid or not available
WARNING: [Board 49-26] cannot add Board Part xilinx.com:kcu116:part0:1.5 available at C:/AMDDesignTools/2025.2/data/xhub/boards\XilinxBoardStore\boards\Xilinx\kcu116\1.5\board.xml as part xcku5p-ffvb676-2-e specified in board_part file is either invalid or not available
WARNING: [Board 49-26] cannot add Board Part xilinx.com:kcu1500:part0:1.2 available at C:/AMDDesignTools/2025.2/data/xhub/boards\XilinxBoardStore\boards\Xilinx\kcu1500\1.2\board.xml as part xcku115-flvb2104-2-e specified in board_part file is either invalid or not available
WARNING: [Board 49-26] cannot add Board Part xilinx.com:kd240_som:part0:1.0 available at C:/AMDDesignTools/2025.2/data/xhub/boards\XilinxBoardStore\boards\Xilinx\kd240_som\1.0\board.xml as part xck24-ubva530-2lv-c specified in board_part file is either invalid or not available
WARNING: [Board 49-26] cannot add Board Part xilinx.com:kd240_som:part0:1.1 available at C:/AMDDesignTools/2025.2/data/xhub/boards\XilinxBoardStore\boards\Xilinx\kd240_som\1.1\board.xml as part xck24-ubva530-2lv-c specified in board_part file is either invalid or not available
WARNING: [Board 49-26] cannot add Board Part xilinx.com:kr260_som:part0:1.0 available at C:/AMDDesignTools/2025.2/data/xhub/boards\XilinxBoardStore\boards\Xilinx\kr260_som\1.0\board.xml as part xck26-sfvc784-2lv-c specified in board_part file is either invalid or not available
WARNING: [Board 49-26] cannot add Board Part xilinx.com:kr260_som:part0:1.1 available at C:/AMDDesignTools/2025.2/data/xhub/boards\XilinxBoardStore\boards\Xilinx\kr260_som\1.1\board.xml as part xck26-sfvc784-2lv-c specified in board_part file is either invalid or not available
WARNING: [Board 49-26] cannot add Board Part xilinx.com:kv260_som:part0:1.2 available at C:/AMDDesignTools/2025.2/data/xhub/boards\XilinxBoardStore\boards\Xilinx\kv260_som\1.2\board.xml as part xck26-sfvc784-2lv-c specified in board_part file is either invalid or not available
WARNING: [Board 49-26] cannot add Board Part xilinx.com:kv260_som:part0:1.3 available at C:/AMDDesignTools/2025.2/data/xhub/boards\XilinxBoardStore\boards\Xilinx\kv260_som\1.3\board.xml as part xck26-sfvc784-2lv-c specified in board_part file is either invalid or not available
WARNING: [Board 49-26] cannot add Board Part xilinx.com:kv260_som:part0:1.4 available at C:/AMDDesignTools/2025.2/data/xhub/boards\XilinxBoardStore\boards\Xilinx\kv260_som\1.4\board.xml as part xck26-sfvc784-2lv-c specified in board_part file is either invalid or not available
WARNING: [Board 49-26] cannot add Board Part xilinx.com:scu35:part0:1.0 available at C:/AMDDesignTools/2025.2/data/xhub/boards\XilinxBoardStore\boards\Xilinx\scu35\1.0\board.xml as part xcsu35p-sbvb625-2-e specified in board_part file is either invalid or not available
WARNING: [Board 49-26] cannot add Board Part xilinx.com:sp701:part0:1.0 available at C:/AMDDesignTools/2025.2/data/xhub/boards\XilinxBoardStore\boards\Xilinx\sp701\1.0\board.xml as part xc7s100fgga676-2 specified in board_part file is either invalid or not available
WARNING: [Board 49-26] cannot add Board Part xilinx.com:sp701:part0:1.1 available at C:/AMDDesignTools/2025.2/data/xhub/boards\XilinxBoardStore\boards\Xilinx\sp701\1.1\board.xml as part xc7s100fgga676-2 specified in board_part file is either invalid or not available
WARNING: [Board 49-26] cannot add Board Part xilinx.com:v80:part0:1.0 available at C:/AMDDesignTools/2025.2/data/xhub/boards\XilinxBoardStore\boards\Xilinx\v80\1.0\board.xml as part xcv80-lsva4737-2mhp-e-s specified in board_part file is either invalid or not available
WARNING: [Board 49-26] cannot add Board Part xilinx.com:vc707:part0:1.4 available at C:/AMDDesignTools/2025.2/data/xhub/boards\XilinxBoardStore\boards\Xilinx\vc707\1.4\board.xml as part xc7vx485tffg1761-2 specified in board_part file is either invalid or not available
WARNING: [Board 49-26] cannot add Board Part xilinx.com:vc707:part0:1.5 available at C:/AMDDesignTools/2025.2/data/xhub/boards\XilinxBoardStore\boards\Xilinx\vc707\1.5\board.xml as part xc7vx485tffg1761-2 specified in board_part file is either invalid or not available
WARNING: [Board 49-26] cannot add Board Part xilinx.com:vc709:part0:1.8 available at C:/AMDDesignTools/2025.2/data/xhub/boards\XilinxBoardStore\boards\Xilinx\vc709\1.8\board.xml as part xc7vx690tffg1761-2 specified in board_part file is either invalid or not available
WARNING: [Board 49-26] cannot add Board Part xilinx.com:vck190:part0:2.2 available at C:/AMDDesignTools/2025.2/data/xhub/boards\XilinxBoardStore\boards\Xilinx\vck190\production\2.2\board.xml as part xcvc1902-vsva2197-2mp-e-s specified in board_part file is either invalid or not available
WARNING: [Board 49-26] cannot add Board Part xilinx.com:vck190:part0:3.0 available at C:/AMDDesignTools/2025.2/data/xhub/boards\XilinxBoardStore\boards\Xilinx\vck190\production\3.0\board.xml as part xcvc1902-vsva2197-2mp-e-s specified in board_part file is either invalid or not available
WARNING: [Board 49-26] cannot add Board Part xilinx.com:vck190:part0:3.1 available at C:/AMDDesignTools/2025.2/data/xhub/boards\XilinxBoardStore\boards\Xilinx\vck190\production\3.1\board.xml as part xcvc1902-vsva2197-2mp-e-s specified in board_part file is either invalid or not available
WARNING: [Board 49-26] cannot add Board Part xilinx.com:vck190:part0:3.2 available at C:/AMDDesignTools/2025.2/data/xhub/boards\XilinxBoardStore\boards\Xilinx\vck190\production\3.2\board.xml as part xcvc1902-vsva2197-2mp-e-s specified in board_part file is either invalid or not available
WARNING: [Board 49-26] cannot add Board Part xilinx.com:vck190:part0:3.3 available at C:/AMDDesignTools/2025.2/data/xhub/boards\XilinxBoardStore\boards\Xilinx\vck190\production\3.3\board.xml as part xcvc1902-vsva2197-2mp-e-s specified in board_part file is either invalid or not available
WARNING: [Board 49-26] cannot add Board Part xilinx.com:vck190:part0:3.4 available at C:/AMDDesignTools/2025.2/data/xhub/boards\XilinxBoardStore\boards\Xilinx\vck190\production\3.4\board.xml as part xcvc1902-vsva2197-2mp-e-s specified in board_part file is either invalid or not available
WARNING: [Board 49-26] cannot add Board Part xilinx.com:vck190_newl:part0:1.0 available at C:/AMDDesignTools/2025.2/data/xhub/boards\XilinxBoardStore\boards\Xilinx\vck190_newl\production\1.0\board.xml as part xcvc1902-vsva2197-2mp-e-s specified in board_part file is either invalid or not available
WARNING: [Board 49-26] cannot add Board Part xilinx.com:vck190_newl:part0:1.1 available at C:/AMDDesignTools/2025.2/data/xhub/boards\XilinxBoardStore\boards\Xilinx\vck190_newl\production\1.1\board.xml as part xcvc1902-vsva2197-2mp-e-s specified in board_part file is either invalid or not available
WARNING: [Board 49-26] cannot add Board Part xilinx.com:vck190_newl:part0:1.2 available at C:/AMDDesignTools/2025.2/data/xhub/boards\XilinxBoardStore\boards\Xilinx\vck190_newl\production\1.2\board.xml as part xcvc1902-vsva2197-2mp-e-s specified in board_part file is either invalid or not available
WARNING: [Board 49-26] cannot add Board Part xilinx.com:vck190_newl:part0:1.3 available at C:/AMDDesignTools/2025.2/data/xhub/boards\XilinxBoardStore\boards\Xilinx\vck190_newl\production\1.3\board.xml as part xcvc1902-vsva2197-2mp-e-s specified in board_part file is either invalid or not available
WARNING: [Board 49-26] cannot add Board Part xilinx.com:vcu108:part0:1.6 available at C:/AMDDesignTools/2025.2/data/xhub/boards\XilinxBoardStore\boards\Xilinx\vcu108\1.6\board.xml as part xcvu095-ffva2104-2-e specified in board_part file is either invalid or not available
WARNING: [Board 49-26] cannot add Board Part xilinx.com:vcu108:part0:1.7 available at C:/AMDDesignTools/2025.2/data/xhub/boards\XilinxBoardStore\boards\Xilinx\vcu108\1.7\board.xml as part xcvu095-ffva2104-2-e specified in board_part file is either invalid or not available
WARNING: [Board 49-26] cannot add Board Part xilinx.com:vcu110:part0:1.4 available at C:/AMDDesignTools/2025.2/data/xhub/boards\XilinxBoardStore\boards\Xilinx\vcu110\1.4\board.xml as part xcvu190-flgc2104-2-e specified in board_part file is either invalid or not available
WARNING: [Board 49-26] cannot add Board Part xilinx.com:vcu118:part0:2.0 available at C:/AMDDesignTools/2025.2/data/xhub/boards\XilinxBoardStore\boards\Xilinx\vcu118\2.0\board.xml as part xcvu9p-flga2104-2l-e specified in board_part file is either invalid or not available
WARNING: [Board 49-26] cannot add Board Part xilinx.com:vcu118:part0:2.3 available at C:/AMDDesignTools/2025.2/data/xhub/boards\XilinxBoardStore\boards\Xilinx\vcu118\2.3\board.xml as part xcvu9p-flga2104-2l-e specified in board_part file is either invalid or not available
WARNING: [Board 49-26] cannot add Board Part xilinx.com:vcu118:part0:2.4 available at C:/AMDDesignTools/2025.2/data/xhub/boards\XilinxBoardStore\boards\Xilinx\vcu118\2.4\board.xml as part xcvu9p-flga2104-2l-e specified in board_part file is either invalid or not available
WARNING: [Board 49-26] cannot add Board Part xilinx.com:vcu128:part0:1.0 available at C:/AMDDesignTools/2025.2/data/xhub/boards\XilinxBoardStore\boards\Xilinx\vcu128\production\1.0\board.xml as part xcvu37p-fsvh2892-2l-e specified in board_part file is either invalid or not available
WARNING: [Board 49-26] cannot add Board Part xilinx.com:vcu129:part0:1.0 available at C:/AMDDesignTools/2025.2/data/xhub/boards\XilinxBoardStore\boards\Xilinx\vcu129\production\1.0\board.xml as part xcvu29p-fsga2577-2l-e specified in board_part file is either invalid or not available
WARNING: [Board 49-26] cannot add Board Part xilinx.com:vcu1525:part0:1.3 available at C:/AMDDesignTools/2025.2/data/xhub/boards\XilinxBoardStore\boards\Xilinx\vcu1525\1.3\board.xml as part xcvu9p-fsgd2104-2l-e specified in board_part file is either invalid or not available
WARNING: [Board 49-26] cannot add Board Part xilinx.com:vek280:part0:1.0 available at C:/AMDDesignTools/2025.2/data/xhub/boards\XilinxBoardStore\boards\Xilinx\vek280\production\1.0\board.xml as part xcve2802-vsvh1760-2mp-e-s specified in board_part file is either invalid or not available
WARNING: [Board 49-26] cannot add Board Part xilinx.com:vek280:part0:1.1 available at C:/AMDDesignTools/2025.2/data/xhub/boards\XilinxBoardStore\boards\Xilinx\vek280\production\1.1\board.xml as part xcve2802-vsvh1760-2mp-e-s specified in board_part file is either invalid or not available
WARNING: [Board 49-26] cannot add Board Part xilinx.com:vek280:part0:1.2 available at C:/AMDDesignTools/2025.2/data/xhub/boards\XilinxBoardStore\boards\Xilinx\vek280\production\1.2\board.xml as part xcve2802-vsvh1760-2mp-e-s specified in board_part file is either invalid or not available
WARNING: [Board 49-26] cannot add Board Part xilinx.com:vek385:part0:1.0 available at C:/AMDDesignTools/2025.2/data/xhub/boards\XilinxBoardStore\boards\Xilinx\vek385\1.0\board.xml as part xc2ve3858-ssva2112-2mp-e-s specified in board_part file is either invalid or not available
WARNING: [Board 49-26] cannot add Board Part xilinx.com:vek385:part0:1.1 available at C:/AMDDesignTools/2025.2/data/xhub/boards\XilinxBoardStore\boards\Xilinx\vek385\1.1\board.xml as part xc2ve3858-ssva2112-2mp-e-s specified in board_part file is either invalid or not available
WARNING: [Board 49-26] cannot add Board Part xilinx.com:vek385_1:part0:1.0 available at C:/AMDDesignTools/2025.2/data/xhub/boards\XilinxBoardStore\boards\Xilinx\vek385_2\1.0\board.xml as part xc2ve3858-ssva2112-2mp-e-s specified in board_part file is either invalid or not available
WARNING: [Board 49-26] cannot add Board Part xilinx.com:vermeo_t1_mpsoc:part0:1.0 available at C:/AMDDesignTools/2025.2/data/xhub/boards\XilinxBoardStore\boards\Xilinx\vermeo_t1_mpsoc\1.0\board.xml as part xczu19eg-ffvd1760-2l-e specified in board_part file is either invalid or not available
WARNING: [Board 49-26] cannot add Board Part xilinx.com:vermeo_t1_rfsoc:part0:1.0 available at C:/AMDDesignTools/2025.2/data/xhub/boards\XilinxBoardStore\boards\Xilinx\vermeo_t1_rfsoc\1.0\board.xml as part xczu21dr-ffvd1156-2l-e specified in board_part file is either invalid or not available
WARNING: [Board 49-26] cannot add Board Part xilinx.com:vhk158:part0:1.0 available at C:/AMDDesignTools/2025.2/data/xhub/boards\XilinxBoardStore\boards\Xilinx\vhk158\production\1.0\board.xml as part xcvh1582-vsva3697-2mp-e-s specified in board_part file is either invalid or not available
WARNING: [Board 49-26] cannot add Board Part xilinx.com:vhk158:part0:1.1 available at C:/AMDDesignTools/2025.2/data/xhub/boards\XilinxBoardStore\boards\Xilinx\vhk158\production\1.1\board.xml as part xcvh1582-vsva3697-2mp-e-s specified in board_part file is either invalid or not available
WARNING: [Board 49-26] cannot add Board Part xilinx.com:vhk158:part0:1.2 available at C:/AMDDesignTools/2025.2/data/xhub/boards\XilinxBoardStore\boards\Xilinx\vhk158\production\1.2\board.xml as part xcvh1582-vsva3697-2mp-e-s specified in board_part file is either invalid or not available
WARNING: [Board 49-26] cannot add Board Part xilinx.com:vmk180:part0:2.2 available at C:/AMDDesignTools/2025.2/data/xhub/boards\XilinxBoardStore\boards\Xilinx\vmk180\production\2.2\board.xml as part xcvm1802-vsva2197-2mp-e-s specified in board_part file is either invalid or not available
WARNING: [Board 49-26] cannot add Board Part xilinx.com:vmk180:part0:3.0 available at C:/AMDDesignTools/2025.2/data/xhub/boards\XilinxBoardStore\boards\Xilinx\vmk180\production\3.0\board.xml as part xcvm1802-vsva2197-2mp-e-s specified in board_part file is either invalid or not available
WARNING: [Board 49-26] cannot add Board Part xilinx.com:vmk180:part0:3.1 available at C:/AMDDesignTools/2025.2/data/xhub/boards\XilinxBoardStore\boards\Xilinx\vmk180\production\3.1\board.xml as part xcvm1802-vsva2197-2mp-e-s specified in board_part file is either invalid or not available
WARNING: [Board 49-26] cannot add Board Part xilinx.com:vmk180:part0:3.2 available at C:/AMDDesignTools/2025.2/data/xhub/boards\XilinxBoardStore\boards\Xilinx\vmk180\production\3.2\board.xml as part xcvm1802-vsva2197-2mp-e-s specified in board_part file is either invalid or not available
WARNING: [Board 49-26] cannot add Board Part xilinx.com:vmk180:part0:3.3 available at C:/AMDDesignTools/2025.2/data/xhub/boards\XilinxBoardStore\boards\Xilinx\vmk180\production\3.3\board.xml as part xcvm1802-vsva2197-2mp-e-s specified in board_part file is either invalid or not available
WARNING: [Board 49-26] cannot add Board Part xilinx.com:vmk180_newl:part0:1.0 available at C:/AMDDesignTools/2025.2/data/xhub/boards\XilinxBoardStore\boards\Xilinx\vmk180_newl\production\1.0\board.xml as part xcvm1802-vsva2197-2mp-e-s specified in board_part file is either invalid or not available
WARNING: [Board 49-26] cannot add Board Part xilinx.com:vmk180_newl:part0:1.1 available at C:/AMDDesignTools/2025.2/data/xhub/boards\XilinxBoardStore\boards\Xilinx\vmk180_newl\production\1.1\board.xml as part xcvm1802-vsva2197-2mp-e-s specified in board_part file is either invalid or not available
WARNING: [Board 49-26] cannot add Board Part xilinx.com:vpk120:part0:1.0 available at C:/AMDDesignTools/2025.2/data/xhub/boards\XilinxBoardStore\boards\Xilinx\vpk120\production\1.0\board.xml as part xcvp1202-vsva2785-2mp-e-s specified in board_part file is either invalid or not available
WARNING: [Board 49-26] cannot add Board Part xilinx.com:vpk120:part0:1.1 available at C:/AMDDesignTools/2025.2/data/xhub/boards\XilinxBoardStore\boards\Xilinx\vpk120\production\1.1\board.xml as part xcvp1202-vsva2785-2mp-e-s specified in board_part file is either invalid or not available
WARNING: [Board 49-26] cannot add Board Part xilinx.com:vpk120:part0:1.2 available at C:/AMDDesignTools/2025.2/data/xhub/boards\XilinxBoardStore\boards\Xilinx\vpk120\production\1.2\board.xml as part xcvp1202-vsva2785-2mp-e-s specified in board_part file is either invalid or not available
WARNING: [Board 49-26] cannot add Board Part xilinx.com:vpk180:part0:1.0 available at C:/AMDDesignTools/2025.2/data/xhub/boards\XilinxBoardStore\boards\Xilinx\vpk180\production\1.0\board.xml as part xcvp1802-lsvc4072-2mp-e-s specified in board_part file is either invalid or not available
WARNING: [Board 49-26] cannot add Board Part xilinx.com:vpk180:part0:1.1 available at C:/AMDDesignTools/2025.2/data/xhub/boards\XilinxBoardStore\boards\Xilinx\vpk180\production\1.1\board.xml as part xcvp1802-lsvc4072-2mp-e-s specified in board_part file is either invalid or not available
WARNING: [Board 49-26] cannot add Board Part xilinx.com:vpk180:part0:1.2 available at C:/AMDDesignTools/2025.2/data/xhub/boards\XilinxBoardStore\boards\Xilinx\vpk180\production\1.2\board.xml as part xcvp1802-lsvc4072-2mp-e-s specified in board_part file is either invalid or not available
WARNING: [Board 49-26] cannot add Board Part xilinx.com:vrk160:part0:1.0 available at C:/AMDDesignTools/2025.2/data/xhub/boards\XilinxBoardStore\boards\Xilinx\vrk160\1.0\board.xml as part xcvr1602-vsva2488-2mp-e-s-es1 specified in board_part file is either invalid or not available
WARNING: [Board 49-26] cannot add Board Part xilinx.com:vrk160:part0:1.1 available at C:/AMDDesignTools/2025.2/data/xhub/boards\XilinxBoardStore\boards\Xilinx\vrk160\1.1\board.xml as part xcvr1602-vsva2488-2mp-e-s-es1 specified in board_part file is either invalid or not available
WARNING: [Board 49-26] cannot add Board Part xilinx.com:zc702:part0:1.4 available at C:/AMDDesignTools/2025.2/data/xhub/boards\XilinxBoardStore\boards\Xilinx\zc702\1.4\board.xml as part xc7z020clg484-1 specified in board_part file is either invalid or not available
WARNING: [Board 49-26] cannot add Board Part xilinx.com:zc706:part0:1.4 available at C:/AMDDesignTools/2025.2/data/xhub/boards\XilinxBoardStore\boards\Xilinx\zc706\1.4\board.xml as part xc7z045ffg900-2 specified in board_part file is either invalid or not available
WARNING: [Board 49-26] cannot add Board Part xilinx.com:zc706:part0:1.5 available at C:/AMDDesignTools/2025.2/data/xhub/boards\XilinxBoardStore\boards\Xilinx\zc706\1.5\board.xml as part xc7z045ffg900-2 specified in board_part file is either invalid or not available
WARNING: [Board 49-26] cannot add Board Part xilinx.com:zcu102:part0:3.3 available at C:/AMDDesignTools/2025.2/data/xhub/boards\XilinxBoardStore\boards\Xilinx\zcu102\3.3\board.xml as part xczu9eg-ffvb1156-2-e specified in board_part file is either invalid or not available
INFO: [Common 17-14] Message 'Board 49-26' appears 100 times and further instances of the messages will be disabled. Use the Tcl command set_msg_config to change the current settings.
set_property board_part digilentinc.com:basys3:part0:1.2 [current_project]
set_property target_language VHDL [current_project]
set_property simulator_language VHDL [current_project]
import_files -fileset constrs_1 -force -norecurse C:/Users/pablo/Downloads/Basys3_Master.xdc
file mkdir C:/Users/pablo/Documents/Vivado Projects/Practica6_1/Practica6_1.srcs/sources_1/new
file mkdir C:/Users/pablo/Documents/Vivado Projects/Practica6_1/Practica6_1.srcs/sources_1/new
file mkdir C:/Users/pablo/Documents/Vivado Projects/Practica6_1/Practica6_1.srcs/sources_1/new
file mkdir C:/Users/pablo/Documents/Vivado Projects/Practica6_1/Practica6_1.srcs/sources_1/new
file mkdir C:/Users/pablo/Documents/Vivado Projects/Practica6_1/Practica6_1.srcs/sources_1/new
file mkdir C:/Users/pablo/Documents/Vivado Projects/Practica6_1/Practica6_1.srcs/sources_1/new
file mkdir {C:/Users/pablo/Documents/Vivado Projects/Practica6_1/Practica6_1.srcs/sources_1/new}
close [ open {C:/Users/pablo/Documents/Vivado Projects/Practica6_1/Practica6_1.srcs/sources_1/new/Practica.vhd} w ]
add_files {{C:/Users/pablo/Documents/Vivado Projects/Practica6_1/Practica6_1.srcs/sources_1/new/Practica.vhd}}
update_compile_order -fileset sources_1
launch_simulation
Command: launch_simulation 
INFO: [Vivado 12-25911] Executing simulation for 'XSim' simulator
INFO: [Vivado 12-28535] Process started - Sat Apr 11 17:45:30 2026

INFO: [Vivado 12-12493] Simulation top is 'test'
INFO: [Vivado 12-5682] Launching behavioral simulation in 'C:/Users/pablo/Documents/Vivado Projects/Practica6_1/Practica6_1.sim/sim_1/behav/xsim'
INFO: [SIM-utils-51] Simulation object is 'sim_1'
INFO: [SIM-utils-72] Using boost library from 'C:/AMDDesignTools/2025.2/Vivado/tps/boost_1_72_0'
INFO: [SIM-utils-54] Inspecting design source files for 'test' in fileset 'sim_1'...
INFO: [USF-XSim-97] Finding global include files...
INFO: [USF-XSim-98] Fetching design files from 'sim_1'...
INFO: [USF-XSim-2] XSim::Compile design
INFO: [USF-XSim-61] Executing 'COMPILE and ANALYZE' step in 'C:/Users/pablo/Documents/Vivado Projects/Practica6_1/Practica6_1.sim/sim_1/behav/xsim'
"xvhdl --incr --relax -prj test_vhdl.prj"
INFO: [VRFC 10-163] Analyzing VHDL file "C:/Users/pablo/Documents/Vivado Projects/Practica6_1/Practica6_1.srcs/sources_1/new/Practica.vhd" into library xil_defaultlib
INFO: [VRFC 10-3107] analyzing entity 'cable'
INFO: [VRFC 10-3107] analyzing entity 'S7_Segmt'
INFO: [VRFC 10-3107] analyzing entity 'test'
INFO: [USF-XSim-69] 'compile' step finished in '1' seconds
INFO: [USF-XSim-3] XSim::Elaborate design
INFO: [USF-XSim-61] Executing 'ELABORATE' step in 'C:/Users/pablo/Documents/Vivado Projects/Practica6_1/Practica6_1.sim/sim_1/behav/xsim'
"xelab --incr --debug typical --relax --mt 2 -L xil_defaultlib -L secureip --snapshot test_behav xil_defaultlib.test -log elaborate.log"
Vivado Simulator v2025.2
Copyright 1986-2022 Xilinx, Inc. All Rights Reserved.
Copyright 2022-2025 Advanced Micro Devices, Inc. All Rights Reserved.
Running: C:/AMDDesignTools/2025.2/Vivado/bin/unwrapped/win64.o/xelab.exe --incr --debug typical --relax --mt 2 -L xil_defaultlib -L secureip --snapshot test_behav xil_defaultlib.test -log elaborate.log 
Using 2 slave threads.
Starting static elaboration
Completed static elaboration
Starting simulation data flow analysis
Completed simulation data flow analysis
Time Resolution for simulation is 1ps
Compiling package std.standard
Compiling package std.textio
Compiling package ieee.std_logic_1164
Compiling architecture behavioral of entity xil_defaultlib.S7_Segmt [s7_segmt_default]
Compiling architecture testeando_7s of entity xil_defaultlib.test
Built simulation snapshot test_behav
INFO: [USF-XSim-69] 'elaborate' step finished in '3' seconds
INFO: [USF-XSim-4] XSim::Simulate design
INFO: [USF-XSim-61] Executing 'SIMULATE' step in 'C:/Users/pablo/Documents/Vivado Projects/Practica6_1/Practica6_1.sim/sim_1/behav/xsim'
INFO: [USF-XSim-98] *** Running xsim
   with args "test_behav -key {Behavioral:sim_1:Functional:test} -tclbatch {test.tcl} -log {simulate.log}"
INFO: [USF-XSim-8] Loading simulator feature
Time resolution is 1 ps
source test.tcl
# set curr_wave [current_wave_config]
# if { [string length $curr_wave] == 0 } {
#   if { [llength [get_objects]] > 0} {
#     add_wave /
#     set_property needs_save false [current_wave_config]
#   } else {
#      send_msg_id Add_Wave-1 WARNING "No top level signals found. Simulator will start without a wave window. If you want to open a wave window go to 'File->New Waveform Configuration' or type 'create_wave_config' in the TCL console."
#   }
# }
# run 1000ns
INFO: [USF-XSim-96] XSim completed. Design snapshot 'test_behav' loaded.
INFO: [USF-XSim-97] XSim simulation ran for 1000ns
launch_simulation: Time (s): cpu = 00:00:04 ; elapsed = 00:00:07 . Memory (MB): peak = 3831.055 ; gain = 4.125
close_sim
INFO: [Simtcl 6-16] Simulation closed
set_property top S7_Segmt [current_fileset]
set_property top_lib xil_defaultlib [current_fileset]
set_property top_arch Behavioral [current_fileset]
synth_design -top S7_Segmt -part xc7a35tcpg236-1 -lint 
Command: synth_design -top S7_Segmt -part xc7a35tcpg236-1 -lint
Starting synth_design
Attempting to get a license for feature 'Synthesis' and/or device 'xc7a35t'
INFO: [Common 17-349] Got license for feature 'Synthesis' and/or device 'xc7a35t'
INFO: [Synth 8-7079] Multithreading enabled for synth_design using a maximum of 2 processes.
---------------------------------------------------------------------------------
Starting Synthesize : Time (s): cpu = 00:00:07 ; elapsed = 00:00:06 . Memory (MB): peak = 5031.457 ; gain = 144.629
---------------------------------------------------------------------------------
Clean up Linter database...
INFO: [Synth 8-638] synthesizing module 'S7_Segmt' [C:/Users/pablo/Documents/Vivado Projects/Practica6_1/Practica6_1.srcs/sources_1/new/Practica.vhd:75]
INFO: [Synth 8-226] default block is never used [C:/Users/pablo/Documents/Vivado Projects/Practica6_1/Practica6_1.srcs/sources_1/new/Practica.vhd:85]
INFO: [Synth 8-226] default block is never used [C:/Users/pablo/Documents/Vivado Projects/Practica6_1/Practica6_1.srcs/sources_1/new/Practica.vhd:92]
INFO: [Synth 8-256] done synthesizing module 'S7_Segmt' (1#1) [C:/Users/pablo/Documents/Vivado Projects/Practica6_1/Practica6_1.srcs/sources_1/new/Practica.vhd:75]
---------------------------------------------------------------------------------
Finished Synthesize : Time (s): cpu = 00:00:09 ; elapsed = 00:00:08 . Memory (MB): peak = 5031.457 ; gain = 144.629
---------------------------------------------------------------------------------
Copyright 1986-2022 Xilinx, Inc. All Rights Reserved. Copyright 2022-2025 Advanced Micro Devices, Inc. All Rights Reserved.
---------------------------------------------------------------------------------------------------------------------------------------------
| Tool Version : Vivado v.2025.2 (win64) Build 6299465 Fri Nov 14 19:35:11 GMT 2025
| Date         : Sat Apr 11 17:46:24 2026
| Host         : PABLO running 64-bit major release  (build 9200)
---------------------------------------------------------------------------------------------------------------------------------------------

RTL Linter Report

Table of Contents
-----------------
1. Summary

1. Summary
----------

+---------+----------+--------------+----------+
| Rule ID | Severity | # Violations | # Waived |
+---------+----------+--------------+----------+


INFO: [Synth 37-85] Total of 0 linter message(s) generated.
INFO: [Synth 37-45] Linter Run Finished!
Synthesis Optimization Runtime : Time (s): cpu = 00:00:09 ; elapsed = 00:00:08 . Memory (MB): peak = 5031.457 ; gain = 144.629
INFO: [Common 17-83] Releasing license: Synthesis
9 Infos, 0 Warnings, 0 Critical Warnings and 0 Errors encountered.
synth_design completed successfully
synth_design: Time (s): cpu = 00:00:09 ; elapsed = 00:00:08 . Memory (MB): peak = 5031.457 ; gain = 144.629
current_project cable_display7segment
close_project
synth_design -rtl -rtl_skip_mlo -name rtl_1
Command: synth_design -rtl -rtl_skip_mlo -name rtl_1
Starting synth_design
Using part: xc7a35tcpg236-1
Top: S7_Segmt
INFO: [Synth 8-7079] Multithreading enabled for synth_design using a maximum of 2 processes.
WARNING: [Common 17-1361] You have specified a new message control rule that is equivalent to an existing rule with attributes ' -id {17-179}  -suppress '. The existing rule will be replaced.
---------------------------------------------------------------------------------
Starting RTL Elaboration : Time (s): cpu = 00:00:07 ; elapsed = 00:00:06 . Memory (MB): peak = 5031.457 ; gain = 0.000
---------------------------------------------------------------------------------
INFO: [Synth 8-638] synthesizing module 'S7_Segmt' [C:/Users/pablo/Documents/Vivado Projects/Practica6_1/Practica6_1.srcs/sources_1/new/Practica.vhd:75]
INFO: [Synth 8-226] default block is never used [C:/Users/pablo/Documents/Vivado Projects/Practica6_1/Practica6_1.srcs/sources_1/new/Practica.vhd:85]
INFO: [Synth 8-226] default block is never used [C:/Users/pablo/Documents/Vivado Projects/Practica6_1/Practica6_1.srcs/sources_1/new/Practica.vhd:92]
INFO: [Synth 8-256] done synthesizing module 'S7_Segmt' (0#1) [C:/Users/pablo/Documents/Vivado Projects/Practica6_1/Practica6_1.srcs/sources_1/new/Practica.vhd:75]
---------------------------------------------------------------------------------
Finished RTL Elaboration : Time (s): cpu = 00:00:09 ; elapsed = 00:00:08 . Memory (MB): peak = 5031.457 ; gain = 0.000
---------------------------------------------------------------------------------
---------------------------------------------------------------------------------
Start Handling Custom Attributes
---------------------------------------------------------------------------------
---------------------------------------------------------------------------------
Finished Handling Custom Attributes : Time (s): cpu = 00:00:09 ; elapsed = 00:00:08 . Memory (MB): peak = 5031.457 ; gain = 0.000
---------------------------------------------------------------------------------
---------------------------------------------------------------------------------
Finished RTL Optimization Phase 1 : Time (s): cpu = 00:00:09 ; elapsed = 00:00:08 . Memory (MB): peak = 5031.457 ; gain = 0.000
---------------------------------------------------------------------------------
Netlist sorting complete. Time (s): cpu = 00:00:00 ; elapsed = 00:00:00.001 . Memory (MB): peak = 5031.457 ; gain = 0.000
INFO: [Project 1-570] Preparing netlist for logic optimization

Processing XDC Constraints
Initializing timing engine
Parsing XDC File [C:/Users/pablo/Documents/Vivado Projects/Practica6_1/Practica6_1.srcs/constrs_1/imports/Downloads/Basys3_Master.xdc]
WARNING: [Vivado 12-584] No ports matched 'input'. [C:/Users/pablo/Documents/Vivado Projects/Practica6_1/Practica6_1.srcs/constrs_1/imports/Downloads/Basys3_Master.xdc:36]
CRITICAL WARNING: [Common 17-55] 'set_property' expects at least one object. [C:/Users/pablo/Documents/Vivado Projects/Practica6_1/Practica6_1.srcs/constrs_1/imports/Downloads/Basys3_Master.xdc:36]
Resolution: If [get_<value>] was used to populate the object, check to make sure this command returns at least one valid object.
WARNING: [Vivado 12-584] No ports matched 'input'. [C:/Users/pablo/Documents/Vivado Projects/Practica6_1/Practica6_1.srcs/constrs_1/imports/Downloads/Basys3_Master.xdc:37]
CRITICAL WARNING: [Common 17-55] 'set_property' expects at least one object. [C:/Users/pablo/Documents/Vivado Projects/Practica6_1/Practica6_1.srcs/constrs_1/imports/Downloads/Basys3_Master.xdc:37]
Resolution: If [get_<value>] was used to populate the object, check to make sure this command returns at least one valid object.
WARNING: [Vivado 12-584] No ports matched 'output'. [C:/Users/pablo/Documents/Vivado Projects/Practica6_1/Practica6_1.srcs/constrs_1/imports/Downloads/Basys3_Master.xdc:71]
CRITICAL WARNING: [Common 17-55] 'set_property' expects at least one object. [C:/Users/pablo/Documents/Vivado Projects/Practica6_1/Practica6_1.srcs/constrs_1/imports/Downloads/Basys3_Master.xdc:71]
Resolution: If [get_<value>] was used to populate the object, check to make sure this command returns at least one valid object.
WARNING: [Vivado 12-584] No ports matched 'output'. [C:/Users/pablo/Documents/Vivado Projects/Practica6_1/Practica6_1.srcs/constrs_1/imports/Downloads/Basys3_Master.xdc:72]
CRITICAL WARNING: [Common 17-55] 'set_property' expects at least one object. [C:/Users/pablo/Documents/Vivado Projects/Practica6_1/Practica6_1.srcs/constrs_1/imports/Downloads/Basys3_Master.xdc:72]
Resolution: If [get_<value>] was used to populate the object, check to make sure this command returns at least one valid object.
WARNING: [Vivado 12-584] No ports matched 'output'. [C:/Users/pablo/Documents/Vivado Projects/Practica6_1/Practica6_1.srcs/constrs_1/imports/Downloads/Basys3_Master.xdc:297]
CRITICAL WARNING: [Common 17-55] 'set_property' expects at least one object. [C:/Users/pablo/Documents/Vivado Projects/Practica6_1/Practica6_1.srcs/constrs_1/imports/Downloads/Basys3_Master.xdc:297]
Resolution: If [get_<value>] was used to populate the object, check to make sure this command returns at least one valid object.
Finished Parsing XDC File [C:/Users/pablo/Documents/Vivado Projects/Practica6_1/Practica6_1.srcs/constrs_1/imports/Downloads/Basys3_Master.xdc]
Completed Processing XDC Constraints

Netlist sorting complete. Time (s): cpu = 00:00:00 ; elapsed = 00:00:00.001 . Memory (MB): peak = 5031.457 ; gain = 0.000
INFO: [Project 1-111] Unisim Transformation Summary:
No Unisim elements were transformed.

RTL Elaboration Complete:  : Time (s): cpu = 00:00:16 ; elapsed = 00:00:12 . Memory (MB): peak = 5031.457 ; gain = 0.000
7 Infos, 6 Warnings, 5 Critical Warnings and 0 Errors encountered.
synth_design completed successfully
synth_design: Time (s): cpu = 00:00:16 ; elapsed = 00:00:12 . Memory (MB): peak = 5031.457 ; gain = 0.000
set_property top test [current_fileset]
refresh_design
INFO: [Synth 8-7079] Multithreading enabled for synth_design using a maximum of 2 processes.
---------------------------------------------------------------------------------
Starting RTL Elaboration : Time (s): cpu = 00:00:08 ; elapsed = 00:00:07 . Memory (MB): peak = 5031.457 ; gain = 0.000
---------------------------------------------------------------------------------
INFO: [Synth 8-638] synthesizing module 'test' [C:/Users/pablo/Documents/Vivado Projects/Practica6_1/Practica6_1.srcs/sources_1/new/Practica.vhd:134]
INFO: [Synth 8-638] synthesizing module 'S7_Segmt_behavioral' [C:/Users/pablo/Documents/Vivado Projects/Practica6_1/Practica6_1.srcs/sources_1/new/Practica.vhd:75]
INFO: [Synth 8-226] default block is never used [C:/Users/pablo/Documents/Vivado Projects/Practica6_1/Practica6_1.srcs/sources_1/new/Practica.vhd:85]
INFO: [Synth 8-226] default block is never used [C:/Users/pablo/Documents/Vivado Projects/Practica6_1/Practica6_1.srcs/sources_1/new/Practica.vhd:92]
INFO: [Synth 8-256] done synthesizing module 'S7_Segmt_behavioral' (0#1) [C:/Users/pablo/Documents/Vivado Projects/Practica6_1/Practica6_1.srcs/sources_1/new/Practica.vhd:75]
WARNING: [Synth 8-312] ignoring unsynthesizable construct: wait statement with no conditon [C:/Users/pablo/Documents/Vivado Projects/Practica6_1/Practica6_1.srcs/sources_1/new/Practica.vhd:151]
WARNING: [Synth 8-312] ignoring unsynthesizable construct: wait statement with no conditon [C:/Users/pablo/Documents/Vivado Projects/Practica6_1/Practica6_1.srcs/sources_1/new/Practica.vhd:156]
WARNING: [Synth 8-312] ignoring unsynthesizable construct: wait statement with no conditon [C:/Users/pablo/Documents/Vivado Projects/Practica6_1/Practica6_1.srcs/sources_1/new/Practica.vhd:161]
INFO: [Synth 8-256] done synthesizing module 'test' (0#1) [C:/Users/pablo/Documents/Vivado Projects/Practica6_1/Practica6_1.srcs/sources_1/new/Practica.vhd:134]
---------------------------------------------------------------------------------
Finished RTL Elaboration : Time (s): cpu = 00:00:10 ; elapsed = 00:00:10 . Memory (MB): peak = 5031.457 ; gain = 0.000
---------------------------------------------------------------------------------
---------------------------------------------------------------------------------
Start Handling Custom Attributes
---------------------------------------------------------------------------------
---------------------------------------------------------------------------------
Finished Handling Custom Attributes : Time (s): cpu = 00:00:10 ; elapsed = 00:00:10 . Memory (MB): peak = 5031.457 ; gain = 0.000
---------------------------------------------------------------------------------
---------------------------------------------------------------------------------
Finished RTL Optimization Phase 1 : Time (s): cpu = 00:00:10 ; elapsed = 00:00:10 . Memory (MB): peak = 5031.457 ; gain = 0.000
---------------------------------------------------------------------------------
Netlist sorting complete. Time (s): cpu = 00:00:00 ; elapsed = 00:00:00 . Memory (MB): peak = 5031.457 ; gain = 0.000
INFO: [Project 1-570] Preparing netlist for logic optimization

Processing XDC Constraints
Initializing timing engine
Parsing XDC File [C:/Users/pablo/Documents/Vivado Projects/Practica6_1/Practica6_1.srcs/constrs_1/imports/Downloads/Basys3_Master.xdc]
WARNING: [Vivado 12-584] No ports matched 'A0'. [C:/Users/pablo/Documents/Vivado Projects/Practica6_1/Practica6_1.srcs/constrs_1/imports/Downloads/Basys3_Master.xdc:12]
CRITICAL WARNING: [Common 17-55] 'set_property' expects at least one object. [C:/Users/pablo/Documents/Vivado Projects/Practica6_1/Practica6_1.srcs/constrs_1/imports/Downloads/Basys3_Master.xdc:12]
Resolution: If [get_<value>] was used to populate the object, check to make sure this command returns at least one valid object.
WARNING: [Vivado 12-584] No ports matched 'A0'. [C:/Users/pablo/Documents/Vivado Projects/Practica6_1/Practica6_1.srcs/constrs_1/imports/Downloads/Basys3_Master.xdc:13]
CRITICAL WARNING: [Common 17-55] 'set_property' expects at least one object. [C:/Users/pablo/Documents/Vivado Projects/Practica6_1/Practica6_1.srcs/constrs_1/imports/Downloads/Basys3_Master.xdc:13]
Resolution: If [get_<value>] was used to populate the object, check to make sure this command returns at least one valid object.
WARNING: [Vivado 12-584] No ports matched 'A1'. [C:/Users/pablo/Documents/Vivado Projects/Practica6_1/Practica6_1.srcs/constrs_1/imports/Downloads/Basys3_Master.xdc:14]
CRITICAL WARNING: [Common 17-55] 'set_property' expects at least one object. [C:/Users/pablo/Documents/Vivado Projects/Practica6_1/Practica6_1.srcs/constrs_1/imports/Downloads/Basys3_Master.xdc:14]
Resolution: If [get_<value>] was used to populate the object, check to make sure this command returns at least one valid object.
WARNING: [Vivado 12-584] No ports matched 'A1'. [C:/Users/pablo/Documents/Vivado Projects/Practica6_1/Practica6_1.srcs/constrs_1/imports/Downloads/Basys3_Master.xdc:15]
CRITICAL WARNING: [Common 17-55] 'set_property' expects at least one object. [C:/Users/pablo/Documents/Vivado Projects/Practica6_1/Practica6_1.srcs/constrs_1/imports/Downloads/Basys3_Master.xdc:15]
Resolution: If [get_<value>] was used to populate the object, check to make sure this command returns at least one valid object.
WARNING: [Vivado 12-584] No ports matched 'A2'. [C:/Users/pablo/Documents/Vivado Projects/Practica6_1/Practica6_1.srcs/constrs_1/imports/Downloads/Basys3_Master.xdc:16]
CRITICAL WARNING: [Common 17-55] 'set_property' expects at least one object. [C:/Users/pablo/Documents/Vivado Projects/Practica6_1/Practica6_1.srcs/constrs_1/imports/Downloads/Basys3_Master.xdc:16]
Resolution: If [get_<value>] was used to populate the object, check to make sure this command returns at least one valid object.
WARNING: [Vivado 12-584] No ports matched 'A2'. [C:/Users/pablo/Documents/Vivado Projects/Practica6_1/Practica6_1.srcs/constrs_1/imports/Downloads/Basys3_Master.xdc:17]
CRITICAL WARNING: [Common 17-55] 'set_property' expects at least one object. [C:/Users/pablo/Documents/Vivado Projects/Practica6_1/Practica6_1.srcs/constrs_1/imports/Downloads/Basys3_Master.xdc:17]
Resolution: If [get_<value>] was used to populate the object, check to make sure this command returns at least one valid object.
WARNING: [Vivado 12-584] No ports matched 'A3'. [C:/Users/pablo/Documents/Vivado Projects/Practica6_1/Practica6_1.srcs/constrs_1/imports/Downloads/Basys3_Master.xdc:18]
CRITICAL WARNING: [Common 17-55] 'set_property' expects at least one object. [C:/Users/pablo/Documents/Vivado Projects/Practica6_1/Practica6_1.srcs/constrs_1/imports/Downloads/Basys3_Master.xdc:18]
Resolution: If [get_<value>] was used to populate the object, check to make sure this command returns at least one valid object.
WARNING: [Vivado 12-584] No ports matched 'A3'. [C:/Users/pablo/Documents/Vivado Projects/Practica6_1/Practica6_1.srcs/constrs_1/imports/Downloads/Basys3_Master.xdc:19]
CRITICAL WARNING: [Common 17-55] 'set_property' expects at least one object. [C:/Users/pablo/Documents/Vivado Projects/Practica6_1/Practica6_1.srcs/constrs_1/imports/Downloads/Basys3_Master.xdc:19]
Resolution: If [get_<value>] was used to populate the object, check to make sure this command returns at least one valid object.
WARNING: [Vivado 12-584] No ports matched 'S0'. [C:/Users/pablo/Documents/Vivado Projects/Practica6_1/Practica6_1.srcs/constrs_1/imports/Downloads/Basys3_Master.xdc:22]
CRITICAL WARNING: [Common 17-55] 'set_property' expects at least one object. [C:/Users/pablo/Documents/Vivado Projects/Practica6_1/Practica6_1.srcs/constrs_1/imports/Downloads/Basys3_Master.xdc:22]
Resolution: If [get_<value>] was used to populate the object, check to make sure this command returns at least one valid object.
WARNING: [Vivado 12-584] No ports matched 'S0'. [C:/Users/pablo/Documents/Vivado Projects/Practica6_1/Practica6_1.srcs/constrs_1/imports/Downloads/Basys3_Master.xdc:23]
CRITICAL WARNING: [Common 17-55] 'set_property' expects at least one object. [C:/Users/pablo/Documents/Vivado Projects/Practica6_1/Practica6_1.srcs/constrs_1/imports/Downloads/Basys3_Master.xdc:23]
Resolution: If [get_<value>] was used to populate the object, check to make sure this command returns at least one valid object.
WARNING: [Vivado 12-584] No ports matched 'S1'. [C:/Users/pablo/Documents/Vivado Projects/Practica6_1/Practica6_1.srcs/constrs_1/imports/Downloads/Basys3_Master.xdc:24]
CRITICAL WARNING: [Common 17-55] 'set_property' expects at least one object. [C:/Users/pablo/Documents/Vivado Projects/Practica6_1/Practica6_1.srcs/constrs_1/imports/Downloads/Basys3_Master.xdc:24]
Resolution: If [get_<value>] was used to populate the object, check to make sure this command returns at least one valid object.
WARNING: [Vivado 12-584] No ports matched 'S1'. [C:/Users/pablo/Documents/Vivado Projects/Practica6_1/Practica6_1.srcs/constrs_1/imports/Downloads/Basys3_Master.xdc:25]
CRITICAL WARNING: [Common 17-55] 'set_property' expects at least one object. [C:/Users/pablo/Documents/Vivado Projects/Practica6_1/Practica6_1.srcs/constrs_1/imports/Downloads/Basys3_Master.xdc:25]
Resolution: If [get_<value>] was used to populate the object, check to make sure this command returns at least one valid object.
WARNING: [Vivado 12-584] No ports matched 'input'. [C:/Users/pablo/Documents/Vivado Projects/Practica6_1/Practica6_1.srcs/constrs_1/imports/Downloads/Basys3_Master.xdc:36]
CRITICAL WARNING: [Common 17-55] 'set_property' expects at least one object. [C:/Users/pablo/Documents/Vivado Projects/Practica6_1/Practica6_1.srcs/constrs_1/imports/Downloads/Basys3_Master.xdc:36]
Resolution: If [get_<value>] was used to populate the object, check to make sure this command returns at least one valid object.
WARNING: [Vivado 12-584] No ports matched 'input'. [C:/Users/pablo/Documents/Vivado Projects/Practica6_1/Practica6_1.srcs/constrs_1/imports/Downloads/Basys3_Master.xdc:37]
CRITICAL WARNING: [Common 17-55] 'set_property' expects at least one object. [C:/Users/pablo/Documents/Vivado Projects/Practica6_1/Practica6_1.srcs/constrs_1/imports/Downloads/Basys3_Master.xdc:37]
Resolution: If [get_<value>] was used to populate the object, check to make sure this command returns at least one valid object.
WARNING: [Vivado 12-584] No ports matched 'output'. [C:/Users/pablo/Documents/Vivado Projects/Practica6_1/Practica6_1.srcs/constrs_1/imports/Downloads/Basys3_Master.xdc:71]
CRITICAL WARNING: [Common 17-55] 'set_property' expects at least one object. [C:/Users/pablo/Documents/Vivado Projects/Practica6_1/Practica6_1.srcs/constrs_1/imports/Downloads/Basys3_Master.xdc:71]
Resolution: If [get_<value>] was used to populate the object, check to make sure this command returns at least one valid object.
WARNING: [Vivado 12-584] No ports matched 'output'. [C:/Users/pablo/Documents/Vivado Projects/Practica6_1/Practica6_1.srcs/constrs_1/imports/Downloads/Basys3_Master.xdc:72]
CRITICAL WARNING: [Common 17-55] 'set_property' expects at least one object. [C:/Users/pablo/Documents/Vivado Projects/Practica6_1/Practica6_1.srcs/constrs_1/imports/Downloads/Basys3_Master.xdc:72]
Resolution: If [get_<value>] was used to populate the object, check to make sure this command returns at least one valid object.
WARNING: [Vivado 12-584] No ports matched 'a'. [C:/Users/pablo/Documents/Vivado Projects/Practica6_1/Practica6_1.srcs/constrs_1/imports/Downloads/Basys3_Master.xdc:82]
CRITICAL WARNING: [Common 17-55] 'set_property' expects at least one object. [C:/Users/pablo/Documents/Vivado Projects/Practica6_1/Practica6_1.srcs/constrs_1/imports/Downloads/Basys3_Master.xdc:82]
Resolution: If [get_<value>] was used to populate the object, check to make sure this command returns at least one valid object.
WARNING: [Vivado 12-584] No ports matched 'a'. [C:/Users/pablo/Documents/Vivado Projects/Practica6_1/Practica6_1.srcs/constrs_1/imports/Downloads/Basys3_Master.xdc:83]
CRITICAL WARNING: [Common 17-55] 'set_property' expects at least one object. [C:/Users/pablo/Documents/Vivado Projects/Practica6_1/Practica6_1.srcs/constrs_1/imports/Downloads/Basys3_Master.xdc:83]
Resolution: If [get_<value>] was used to populate the object, check to make sure this command returns at least one valid object.
WARNING: [Vivado 12-584] No ports matched 'b'. [C:/Users/pablo/Documents/Vivado Projects/Practica6_1/Practica6_1.srcs/constrs_1/imports/Downloads/Basys3_Master.xdc:84]
CRITICAL WARNING: [Common 17-55] 'set_property' expects at least one object. [C:/Users/pablo/Documents/Vivado Projects/Practica6_1/Practica6_1.srcs/constrs_1/imports/Downloads/Basys3_Master.xdc:84]
Resolution: If [get_<value>] was used to populate the object, check to make sure this command returns at least one valid object.
WARNING: [Vivado 12-584] No ports matched 'b'. [C:/Users/pablo/Documents/Vivado Projects/Practica6_1/Practica6_1.srcs/constrs_1/imports/Downloads/Basys3_Master.xdc:85]
CRITICAL WARNING: [Common 17-55] 'set_property' expects at least one object. [C:/Users/pablo/Documents/Vivado Projects/Practica6_1/Practica6_1.srcs/constrs_1/imports/Downloads/Basys3_Master.xdc:85]
Resolution: If [get_<value>] was used to populate the object, check to make sure this command returns at least one valid object.
WARNING: [Vivado 12-584] No ports matched 'c'. [C:/Users/pablo/Documents/Vivado Projects/Practica6_1/Practica6_1.srcs/constrs_1/imports/Downloads/Basys3_Master.xdc:86]
CRITICAL WARNING: [Common 17-55] 'set_property' expects at least one object. [C:/Users/pablo/Documents/Vivado Projects/Practica6_1/Practica6_1.srcs/constrs_1/imports/Downloads/Basys3_Master.xdc:86]
Resolution: If [get_<value>] was used to populate the object, check to make sure this command returns at least one valid object.
WARNING: [Vivado 12-584] No ports matched 'c'. [C:/Users/pablo/Documents/Vivado Projects/Practica6_1/Practica6_1.srcs/constrs_1/imports/Downloads/Basys3_Master.xdc:87]
CRITICAL WARNING: [Common 17-55] 'set_property' expects at least one object. [C:/Users/pablo/Documents/Vivado Projects/Practica6_1/Practica6_1.srcs/constrs_1/imports/Downloads/Basys3_Master.xdc:87]
Resolution: If [get_<value>] was used to populate the object, check to make sure this command returns at least one valid object.
WARNING: [Vivado 12-584] No ports matched 'd'. [C:/Users/pablo/Documents/Vivado Projects/Practica6_1/Practica6_1.srcs/constrs_1/imports/Downloads/Basys3_Master.xdc:88]
CRITICAL WARNING: [Common 17-55] 'set_property' expects at least one object. [C:/Users/pablo/Documents/Vivado Projects/Practica6_1/Practica6_1.srcs/constrs_1/imports/Downloads/Basys3_Master.xdc:88]
Resolution: If [get_<value>] was used to populate the object, check to make sure this command returns at least one valid object.
WARNING: [Vivado 12-584] No ports matched 'd'. [C:/Users/pablo/Documents/Vivado Projects/Practica6_1/Practica6_1.srcs/constrs_1/imports/Downloads/Basys3_Master.xdc:89]
CRITICAL WARNING: [Common 17-55] 'set_property' expects at least one object. [C:/Users/pablo/Documents/Vivado Projects/Practica6_1/Practica6_1.srcs/constrs_1/imports/Downloads/Basys3_Master.xdc:89]
Resolution: If [get_<value>] was used to populate the object, check to make sure this command returns at least one valid object.
WARNING: [Vivado 12-584] No ports matched 'e'. [C:/Users/pablo/Documents/Vivado Projects/Practica6_1/Practica6_1.srcs/constrs_1/imports/Downloads/Basys3_Master.xdc:90]
CRITICAL WARNING: [Common 17-55] 'set_property' expects at least one object. [C:/Users/pablo/Documents/Vivado Projects/Practica6_1/Practica6_1.srcs/constrs_1/imports/Downloads/Basys3_Master.xdc:90]
Resolution: If [get_<value>] was used to populate the object, check to make sure this command returns at least one valid object.
WARNING: [Vivado 12-584] No ports matched 'e'. [C:/Users/pablo/Documents/Vivado Projects/Practica6_1/Practica6_1.srcs/constrs_1/imports/Downloads/Basys3_Master.xdc:91]
CRITICAL WARNING: [Common 17-55] 'set_property' expects at least one object. [C:/Users/pablo/Documents/Vivado Projects/Practica6_1/Practica6_1.srcs/constrs_1/imports/Downloads/Basys3_Master.xdc:91]
Resolution: If [get_<value>] was used to populate the object, check to make sure this command returns at least one valid object.
WARNING: [Vivado 12-584] No ports matched 'f'. [C:/Users/pablo/Documents/Vivado Projects/Practica6_1/Practica6_1.srcs/constrs_1/imports/Downloads/Basys3_Master.xdc:92]
CRITICAL WARNING: [Common 17-55] 'set_property' expects at least one object. [C:/Users/pablo/Documents/Vivado Projects/Practica6_1/Practica6_1.srcs/constrs_1/imports/Downloads/Basys3_Master.xdc:92]
Resolution: If [get_<value>] was used to populate the object, check to make sure this command returns at least one valid object.
WARNING: [Vivado 12-584] No ports matched 'f'. [C:/Users/pablo/Documents/Vivado Projects/Practica6_1/Practica6_1.srcs/constrs_1/imports/Downloads/Basys3_Master.xdc:93]
CRITICAL WARNING: [Common 17-55] 'set_property' expects at least one object. [C:/Users/pablo/Documents/Vivado Projects/Practica6_1/Practica6_1.srcs/constrs_1/imports/Downloads/Basys3_Master.xdc:93]
Resolution: If [get_<value>] was used to populate the object, check to make sure this command returns at least one valid object.
WARNING: [Vivado 12-584] No ports matched 'g'. [C:/Users/pablo/Documents/Vivado Projects/Practica6_1/Practica6_1.srcs/constrs_1/imports/Downloads/Basys3_Master.xdc:94]
CRITICAL WARNING: [Common 17-55] 'set_property' expects at least one object. [C:/Users/pablo/Documents/Vivado Projects/Practica6_1/Practica6_1.srcs/constrs_1/imports/Downloads/Basys3_Master.xdc:94]
Resolution: If [get_<value>] was used to populate the object, check to make sure this command returns at least one valid object.
WARNING: [Vivado 12-584] No ports matched 'g'. [C:/Users/pablo/Documents/Vivado Projects/Practica6_1/Practica6_1.srcs/constrs_1/imports/Downloads/Basys3_Master.xdc:95]
CRITICAL WARNING: [Common 17-55] 'set_property' expects at least one object. [C:/Users/pablo/Documents/Vivado Projects/Practica6_1/Practica6_1.srcs/constrs_1/imports/Downloads/Basys3_Master.xdc:95]
Resolution: If [get_<value>] was used to populate the object, check to make sure this command returns at least one valid object.
WARNING: [Vivado 12-584] No ports matched 'point'. [C:/Users/pablo/Documents/Vivado Projects/Practica6_1/Practica6_1.srcs/constrs_1/imports/Downloads/Basys3_Master.xdc:97]
CRITICAL WARNING: [Common 17-55] 'set_property' expects at least one object. [C:/Users/pablo/Documents/Vivado Projects/Practica6_1/Practica6_1.srcs/constrs_1/imports/Downloads/Basys3_Master.xdc:97]
Resolution: If [get_<value>] was used to populate the object, check to make sure this command returns at least one valid object.
WARNING: [Vivado 12-584] No ports matched 'point'. [C:/Users/pablo/Documents/Vivado Projects/Practica6_1/Practica6_1.srcs/constrs_1/imports/Downloads/Basys3_Master.xdc:98]
CRITICAL WARNING: [Common 17-55] 'set_property' expects at least one object. [C:/Users/pablo/Documents/Vivado Projects/Practica6_1/Practica6_1.srcs/constrs_1/imports/Downloads/Basys3_Master.xdc:98]
Resolution: If [get_<value>] was used to populate the object, check to make sure this command returns at least one valid object.
WARNING: [Vivado 12-584] No ports matched 'SSEG_AN0'. [C:/Users/pablo/Documents/Vivado Projects/Practica6_1/Practica6_1.srcs/constrs_1/imports/Downloads/Basys3_Master.xdc:100]
CRITICAL WARNING: [Common 17-55] 'set_property' expects at least one object. [C:/Users/pablo/Documents/Vivado Projects/Practica6_1/Practica6_1.srcs/constrs_1/imports/Downloads/Basys3_Master.xdc:100]
Resolution: If [get_<value>] was used to populate the object, check to make sure this command returns at least one valid object.
WARNING: [Vivado 12-584] No ports matched 'SSEG_AN0'. [C:/Users/pablo/Documents/Vivado Projects/Practica6_1/Practica6_1.srcs/constrs_1/imports/Downloads/Basys3_Master.xdc:101]
CRITICAL WARNING: [Common 17-55] 'set_property' expects at least one object. [C:/Users/pablo/Documents/Vivado Projects/Practica6_1/Practica6_1.srcs/constrs_1/imports/Downloads/Basys3_Master.xdc:101]
Resolution: If [get_<value>] was used to populate the object, check to make sure this command returns at least one valid object.
WARNING: [Vivado 12-584] No ports matched 'SSEG_AN1'. [C:/Users/pablo/Documents/Vivado Projects/Practica6_1/Practica6_1.srcs/constrs_1/imports/Downloads/Basys3_Master.xdc:102]
CRITICAL WARNING: [Common 17-55] 'set_property' expects at least one object. [C:/Users/pablo/Documents/Vivado Projects/Practica6_1/Practica6_1.srcs/constrs_1/imports/Downloads/Basys3_Master.xdc:102]
Resolution: If [get_<value>] was used to populate the object, check to make sure this command returns at least one valid object.
WARNING: [Vivado 12-584] No ports matched 'SSEG_AN1'. [C:/Users/pablo/Documents/Vivado Projects/Practica6_1/Practica6_1.srcs/constrs_1/imports/Downloads/Basys3_Master.xdc:103]
CRITICAL WARNING: [Common 17-55] 'set_property' expects at least one object. [C:/Users/pablo/Documents/Vivado Projects/Practica6_1/Practica6_1.srcs/constrs_1/imports/Downloads/Basys3_Master.xdc:103]
Resolution: If [get_<value>] was used to populate the object, check to make sure this command returns at least one valid object.
WARNING: [Vivado 12-584] No ports matched 'SSEG_AN2'. [C:/Users/pablo/Documents/Vivado Projects/Practica6_1/Practica6_1.srcs/constrs_1/imports/Downloads/Basys3_Master.xdc:104]
CRITICAL WARNING: [Common 17-55] 'set_property' expects at least one object. [C:/Users/pablo/Documents/Vivado Projects/Practica6_1/Practica6_1.srcs/constrs_1/imports/Downloads/Basys3_Master.xdc:104]
Resolution: If [get_<value>] was used to populate the object, check to make sure this command returns at least one valid object.
WARNING: [Vivado 12-584] No ports matched 'SSEG_AN2'. [C:/Users/pablo/Documents/Vivado Projects/Practica6_1/Practica6_1.srcs/constrs_1/imports/Downloads/Basys3_Master.xdc:105]
CRITICAL WARNING: [Common 17-55] 'set_property' expects at least one object. [C:/Users/pablo/Documents/Vivado Projects/Practica6_1/Practica6_1.srcs/constrs_1/imports/Downloads/Basys3_Master.xdc:105]
Resolution: If [get_<value>] was used to populate the object, check to make sure this command returns at least one valid object.
WARNING: [Vivado 12-584] No ports matched 'SSEG_AN3'. [C:/Users/pablo/Documents/Vivado Projects/Practica6_1/Practica6_1.srcs/constrs_1/imports/Downloads/Basys3_Master.xdc:106]
CRITICAL WARNING: [Common 17-55] 'set_property' expects at least one object. [C:/Users/pablo/Documents/Vivado Projects/Practica6_1/Practica6_1.srcs/constrs_1/imports/Downloads/Basys3_Master.xdc:106]
Resolution: If [get_<value>] was used to populate the object, check to make sure this command returns at least one valid object.
WARNING: [Vivado 12-584] No ports matched 'SSEG_AN3'. [C:/Users/pablo/Documents/Vivado Projects/Practica6_1/Practica6_1.srcs/constrs_1/imports/Downloads/Basys3_Master.xdc:107]
CRITICAL WARNING: [Common 17-55] 'set_property' expects at least one object. [C:/Users/pablo/Documents/Vivado Projects/Practica6_1/Practica6_1.srcs/constrs_1/imports/Downloads/Basys3_Master.xdc:107]
Resolution: If [get_<value>] was used to populate the object, check to make sure this command returns at least one valid object.
WARNING: [Vivado 12-584] No ports matched 'output'. [C:/Users/pablo/Documents/Vivado Projects/Practica6_1/Practica6_1.srcs/constrs_1/imports/Downloads/Basys3_Master.xdc:297]
CRITICAL WARNING: [Common 17-55] 'set_property' expects at least one object. [C:/Users/pablo/Documents/Vivado Projects/Practica6_1/Practica6_1.srcs/constrs_1/imports/Downloads/Basys3_Master.xdc:297]
Resolution: If [get_<value>] was used to populate the object, check to make sure this command returns at least one valid object.
Finished Parsing XDC File [C:/Users/pablo/Documents/Vivado Projects/Practica6_1/Practica6_1.srcs/constrs_1/imports/Downloads/Basys3_Master.xdc]
Completed Processing XDC Constraints

refresh_design: Time (s): cpu = 00:00:16 ; elapsed = 00:00:14 . Memory (MB): peak = 5031.457 ; gain = 0.000
set_property top cable [current_fileset]
synth_design -top cable -part xc7a35tcpg236-1 -lint 
Command: synth_design -top cable -part xc7a35tcpg236-1 -lint
Starting synth_design
Attempting to get a license for feature 'Synthesis' and/or device 'xc7a35t'
INFO: [Common 17-349] Got license for feature 'Synthesis' and/or device 'xc7a35t'
INFO: [Synth 8-7079] Multithreading enabled for synth_design using a maximum of 2 processes.
---------------------------------------------------------------------------------
Starting Synthesize : Time (s): cpu = 00:00:07 ; elapsed = 00:00:07 . Memory (MB): peak = 5031.457 ; gain = 0.000
---------------------------------------------------------------------------------
Clean up Linter database...
INFO: [Synth 8-638] synthesizing module 'cable' [C:/Users/pablo/Documents/Vivado Projects/Practica6_1/Practica6_1.srcs/sources_1/new/Practica.vhd:32]
INFO: [Synth 8-256] done synthesizing module 'cable' (1#1) [C:/Users/pablo/Documents/Vivado Projects/Practica6_1/Practica6_1.srcs/sources_1/new/Practica.vhd:32]
---------------------------------------------------------------------------------
Finished Synthesize : Time (s): cpu = 00:00:09 ; elapsed = 00:00:09 . Memory (MB): peak = 5031.457 ; gain = 0.000
---------------------------------------------------------------------------------
Copyright 1986-2022 Xilinx, Inc. All Rights Reserved. Copyright 2022-2025 Advanced Micro Devices, Inc. All Rights Reserved.
---------------------------------------------------------------------------------------------------------------------------------------------
| Tool Version : Vivado v.2025.2 (win64) Build 6299465 Fri Nov 14 19:35:11 GMT 2025
| Date         : Sat Apr 11 17:50:38 2026
| Host         : PABLO running 64-bit major release  (build 9200)
---------------------------------------------------------------------------------------------------------------------------------------------

RTL Linter Report

Table of Contents
-----------------
1. Summary

1. Summary
----------

+---------+----------+--------------+----------+
| Rule ID | Severity | # Violations | # Waived |
+---------+----------+--------------+----------+


INFO: [Synth 37-85] Total of 0 linter message(s) generated.
INFO: [Synth 37-45] Linter Run Finished!
Synthesis Optimization Runtime : Time (s): cpu = 00:00:09 ; elapsed = 00:00:09 . Memory (MB): peak = 5031.457 ; gain = 0.000
INFO: [Common 17-83] Releasing license: Synthesis
7 Infos, 0 Warnings, 0 Critical Warnings and 0 Errors encountered.
synth_design completed successfully
synth_design: Time (s): cpu = 00:00:10 ; elapsed = 00:00:09 . Memory (MB): peak = 5031.457 ; gain = 0.000
refresh_design
INFO: [Synth 8-7079] Multithreading enabled for synth_design using a maximum of 2 processes.
---------------------------------------------------------------------------------
Starting RTL Elaboration : Time (s): cpu = 00:00:08 ; elapsed = 00:00:08 . Memory (MB): peak = 5031.457 ; gain = 0.000
---------------------------------------------------------------------------------
INFO: [Synth 8-638] synthesizing module 'cable' [C:/Users/pablo/Documents/Vivado Projects/Practica6_1/Practica6_1.srcs/sources_1/new/Practica.vhd:32]
INFO: [Synth 8-256] done synthesizing module 'cable' (0#1) [C:/Users/pablo/Documents/Vivado Projects/Practica6_1/Practica6_1.srcs/sources_1/new/Practica.vhd:32]
---------------------------------------------------------------------------------
Finished RTL Elaboration : Time (s): cpu = 00:00:10 ; elapsed = 00:00:10 . Memory (MB): peak = 5031.457 ; gain = 0.000
---------------------------------------------------------------------------------
---------------------------------------------------------------------------------
Start Handling Custom Attributes
---------------------------------------------------------------------------------
---------------------------------------------------------------------------------
Finished Handling Custom Attributes : Time (s): cpu = 00:00:10 ; elapsed = 00:00:10 . Memory (MB): peak = 5031.457 ; gain = 0.000
---------------------------------------------------------------------------------
---------------------------------------------------------------------------------
Finished RTL Optimization Phase 1 : Time (s): cpu = 00:00:10 ; elapsed = 00:00:10 . Memory (MB): peak = 5031.457 ; gain = 0.000
---------------------------------------------------------------------------------
Netlist sorting complete. Time (s): cpu = 00:00:00 ; elapsed = 00:00:00.001 . Memory (MB): peak = 5031.457 ; gain = 0.000
INFO: [Project 1-570] Preparing netlist for logic optimization

Processing XDC Constraints
Initializing timing engine
Parsing XDC File [C:/Users/pablo/Documents/Vivado Projects/Practica6_1/Practica6_1.srcs/constrs_1/imports/Downloads/Basys3_Master.xdc]
WARNING: [Vivado 12-584] No ports matched 'A0'. [C:/Users/pablo/Documents/Vivado Projects/Practica6_1/Practica6_1.srcs/constrs_1/imports/Downloads/Basys3_Master.xdc:12]
CRITICAL WARNING: [Common 17-55] 'set_property' expects at least one object. [C:/Users/pablo/Documents/Vivado Projects/Practica6_1/Practica6_1.srcs/constrs_1/imports/Downloads/Basys3_Master.xdc:12]
Resolution: If [get_<value>] was used to populate the object, check to make sure this command returns at least one valid object.
WARNING: [Vivado 12-584] No ports matched 'A0'. [C:/Users/pablo/Documents/Vivado Projects/Practica6_1/Practica6_1.srcs/constrs_1/imports/Downloads/Basys3_Master.xdc:13]
CRITICAL WARNING: [Common 17-55] 'set_property' expects at least one object. [C:/Users/pablo/Documents/Vivado Projects/Practica6_1/Practica6_1.srcs/constrs_1/imports/Downloads/Basys3_Master.xdc:13]
Resolution: If [get_<value>] was used to populate the object, check to make sure this command returns at least one valid object.
WARNING: [Vivado 12-584] No ports matched 'A1'. [C:/Users/pablo/Documents/Vivado Projects/Practica6_1/Practica6_1.srcs/constrs_1/imports/Downloads/Basys3_Master.xdc:14]
CRITICAL WARNING: [Common 17-55] 'set_property' expects at least one object. [C:/Users/pablo/Documents/Vivado Projects/Practica6_1/Practica6_1.srcs/constrs_1/imports/Downloads/Basys3_Master.xdc:14]
Resolution: If [get_<value>] was used to populate the object, check to make sure this command returns at least one valid object.
WARNING: [Vivado 12-584] No ports matched 'A1'. [C:/Users/pablo/Documents/Vivado Projects/Practica6_1/Practica6_1.srcs/constrs_1/imports/Downloads/Basys3_Master.xdc:15]
CRITICAL WARNING: [Common 17-55] 'set_property' expects at least one object. [C:/Users/pablo/Documents/Vivado Projects/Practica6_1/Practica6_1.srcs/constrs_1/imports/Downloads/Basys3_Master.xdc:15]
Resolution: If [get_<value>] was used to populate the object, check to make sure this command returns at least one valid object.
WARNING: [Vivado 12-584] No ports matched 'A2'. [C:/Users/pablo/Documents/Vivado Projects/Practica6_1/Practica6_1.srcs/constrs_1/imports/Downloads/Basys3_Master.xdc:16]
CRITICAL WARNING: [Common 17-55] 'set_property' expects at least one object. [C:/Users/pablo/Documents/Vivado Projects/Practica6_1/Practica6_1.srcs/constrs_1/imports/Downloads/Basys3_Master.xdc:16]
Resolution: If [get_<value>] was used to populate the object, check to make sure this command returns at least one valid object.
WARNING: [Vivado 12-584] No ports matched 'A2'. [C:/Users/pablo/Documents/Vivado Projects/Practica6_1/Practica6_1.srcs/constrs_1/imports/Downloads/Basys3_Master.xdc:17]
CRITICAL WARNING: [Common 17-55] 'set_property' expects at least one object. [C:/Users/pablo/Documents/Vivado Projects/Practica6_1/Practica6_1.srcs/constrs_1/imports/Downloads/Basys3_Master.xdc:17]
Resolution: If [get_<value>] was used to populate the object, check to make sure this command returns at least one valid object.
WARNING: [Vivado 12-584] No ports matched 'A3'. [C:/Users/pablo/Documents/Vivado Projects/Practica6_1/Practica6_1.srcs/constrs_1/imports/Downloads/Basys3_Master.xdc:18]
CRITICAL WARNING: [Common 17-55] 'set_property' expects at least one object. [C:/Users/pablo/Documents/Vivado Projects/Practica6_1/Practica6_1.srcs/constrs_1/imports/Downloads/Basys3_Master.xdc:18]
Resolution: If [get_<value>] was used to populate the object, check to make sure this command returns at least one valid object.
WARNING: [Vivado 12-584] No ports matched 'A3'. [C:/Users/pablo/Documents/Vivado Projects/Practica6_1/Practica6_1.srcs/constrs_1/imports/Downloads/Basys3_Master.xdc:19]
CRITICAL WARNING: [Common 17-55] 'set_property' expects at least one object. [C:/Users/pablo/Documents/Vivado Projects/Practica6_1/Practica6_1.srcs/constrs_1/imports/Downloads/Basys3_Master.xdc:19]
Resolution: If [get_<value>] was used to populate the object, check to make sure this command returns at least one valid object.
WARNING: [Vivado 12-584] No ports matched 'S0'. [C:/Users/pablo/Documents/Vivado Projects/Practica6_1/Practica6_1.srcs/constrs_1/imports/Downloads/Basys3_Master.xdc:22]
CRITICAL WARNING: [Common 17-55] 'set_property' expects at least one object. [C:/Users/pablo/Documents/Vivado Projects/Practica6_1/Practica6_1.srcs/constrs_1/imports/Downloads/Basys3_Master.xdc:22]
Resolution: If [get_<value>] was used to populate the object, check to make sure this command returns at least one valid object.
WARNING: [Vivado 12-584] No ports matched 'S0'. [C:/Users/pablo/Documents/Vivado Projects/Practica6_1/Practica6_1.srcs/constrs_1/imports/Downloads/Basys3_Master.xdc:23]
CRITICAL WARNING: [Common 17-55] 'set_property' expects at least one object. [C:/Users/pablo/Documents/Vivado Projects/Practica6_1/Practica6_1.srcs/constrs_1/imports/Downloads/Basys3_Master.xdc:23]
Resolution: If [get_<value>] was used to populate the object, check to make sure this command returns at least one valid object.
WARNING: [Vivado 12-584] No ports matched 'S1'. [C:/Users/pablo/Documents/Vivado Projects/Practica6_1/Practica6_1.srcs/constrs_1/imports/Downloads/Basys3_Master.xdc:24]
CRITICAL WARNING: [Common 17-55] 'set_property' expects at least one object. [C:/Users/pablo/Documents/Vivado Projects/Practica6_1/Practica6_1.srcs/constrs_1/imports/Downloads/Basys3_Master.xdc:24]
Resolution: If [get_<value>] was used to populate the object, check to make sure this command returns at least one valid object.
WARNING: [Vivado 12-584] No ports matched 'S1'. [C:/Users/pablo/Documents/Vivado Projects/Practica6_1/Practica6_1.srcs/constrs_1/imports/Downloads/Basys3_Master.xdc:25]
CRITICAL WARNING: [Common 17-55] 'set_property' expects at least one object. [C:/Users/pablo/Documents/Vivado Projects/Practica6_1/Practica6_1.srcs/constrs_1/imports/Downloads/Basys3_Master.xdc:25]
Resolution: If [get_<value>] was used to populate the object, check to make sure this command returns at least one valid object.
WARNING: [Vivado 12-584] No ports matched 'a'. [C:/Users/pablo/Documents/Vivado Projects/Practica6_1/Practica6_1.srcs/constrs_1/imports/Downloads/Basys3_Master.xdc:82]
CRITICAL WARNING: [Common 17-55] 'set_property' expects at least one object. [C:/Users/pablo/Documents/Vivado Projects/Practica6_1/Practica6_1.srcs/constrs_1/imports/Downloads/Basys3_Master.xdc:82]
Resolution: If [get_<value>] was used to populate the object, check to make sure this command returns at least one valid object.
WARNING: [Vivado 12-584] No ports matched 'a'. [C:/Users/pablo/Documents/Vivado Projects/Practica6_1/Practica6_1.srcs/constrs_1/imports/Downloads/Basys3_Master.xdc:83]
CRITICAL WARNING: [Common 17-55] 'set_property' expects at least one object. [C:/Users/pablo/Documents/Vivado Projects/Practica6_1/Practica6_1.srcs/constrs_1/imports/Downloads/Basys3_Master.xdc:83]
Resolution: If [get_<value>] was used to populate the object, check to make sure this command returns at least one valid object.
WARNING: [Vivado 12-584] No ports matched 'b'. [C:/Users/pablo/Documents/Vivado Projects/Practica6_1/Practica6_1.srcs/constrs_1/imports/Downloads/Basys3_Master.xdc:84]
CRITICAL WARNING: [Common 17-55] 'set_property' expects at least one object. [C:/Users/pablo/Documents/Vivado Projects/Practica6_1/Practica6_1.srcs/constrs_1/imports/Downloads/Basys3_Master.xdc:84]
Resolution: If [get_<value>] was used to populate the object, check to make sure this command returns at least one valid object.
WARNING: [Vivado 12-584] No ports matched 'b'. [C:/Users/pablo/Documents/Vivado Projects/Practica6_1/Practica6_1.srcs/constrs_1/imports/Downloads/Basys3_Master.xdc:85]
CRITICAL WARNING: [Common 17-55] 'set_property' expects at least one object. [C:/Users/pablo/Documents/Vivado Projects/Practica6_1/Practica6_1.srcs/constrs_1/imports/Downloads/Basys3_Master.xdc:85]
Resolution: If [get_<value>] was used to populate the object, check to make sure this command returns at least one valid object.
WARNING: [Vivado 12-584] No ports matched 'c'. [C:/Users/pablo/Documents/Vivado Projects/Practica6_1/Practica6_1.srcs/constrs_1/imports/Downloads/Basys3_Master.xdc:86]
CRITICAL WARNING: [Common 17-55] 'set_property' expects at least one object. [C:/Users/pablo/Documents/Vivado Projects/Practica6_1/Practica6_1.srcs/constrs_1/imports/Downloads/Basys3_Master.xdc:86]
Resolution: If [get_<value>] was used to populate the object, check to make sure this command returns at least one valid object.
WARNING: [Vivado 12-584] No ports matched 'c'. [C:/Users/pablo/Documents/Vivado Projects/Practica6_1/Practica6_1.srcs/constrs_1/imports/Downloads/Basys3_Master.xdc:87]
CRITICAL WARNING: [Common 17-55] 'set_property' expects at least one object. [C:/Users/pablo/Documents/Vivado Projects/Practica6_1/Practica6_1.srcs/constrs_1/imports/Downloads/Basys3_Master.xdc:87]
Resolution: If [get_<value>] was used to populate the object, check to make sure this command returns at least one valid object.
WARNING: [Vivado 12-584] No ports matched 'd'. [C:/Users/pablo/Documents/Vivado Projects/Practica6_1/Practica6_1.srcs/constrs_1/imports/Downloads/Basys3_Master.xdc:88]
CRITICAL WARNING: [Common 17-55] 'set_property' expects at least one object. [C:/Users/pablo/Documents/Vivado Projects/Practica6_1/Practica6_1.srcs/constrs_1/imports/Downloads/Basys3_Master.xdc:88]
Resolution: If [get_<value>] was used to populate the object, check to make sure this command returns at least one valid object.
WARNING: [Vivado 12-584] No ports matched 'd'. [C:/Users/pablo/Documents/Vivado Projects/Practica6_1/Practica6_1.srcs/constrs_1/imports/Downloads/Basys3_Master.xdc:89]
CRITICAL WARNING: [Common 17-55] 'set_property' expects at least one object. [C:/Users/pablo/Documents/Vivado Projects/Practica6_1/Practica6_1.srcs/constrs_1/imports/Downloads/Basys3_Master.xdc:89]
Resolution: If [get_<value>] was used to populate the object, check to make sure this command returns at least one valid object.
WARNING: [Vivado 12-584] No ports matched 'e'. [C:/Users/pablo/Documents/Vivado Projects/Practica6_1/Practica6_1.srcs/constrs_1/imports/Downloads/Basys3_Master.xdc:90]
CRITICAL WARNING: [Common 17-55] 'set_property' expects at least one object. [C:/Users/pablo/Documents/Vivado Projects/Practica6_1/Practica6_1.srcs/constrs_1/imports/Downloads/Basys3_Master.xdc:90]
Resolution: If [get_<value>] was used to populate the object, check to make sure this command returns at least one valid object.
WARNING: [Vivado 12-584] No ports matched 'e'. [C:/Users/pablo/Documents/Vivado Projects/Practica6_1/Practica6_1.srcs/constrs_1/imports/Downloads/Basys3_Master.xdc:91]
CRITICAL WARNING: [Common 17-55] 'set_property' expects at least one object. [C:/Users/pablo/Documents/Vivado Projects/Practica6_1/Practica6_1.srcs/constrs_1/imports/Downloads/Basys3_Master.xdc:91]
Resolution: If [get_<value>] was used to populate the object, check to make sure this command returns at least one valid object.
WARNING: [Vivado 12-584] No ports matched 'f'. [C:/Users/pablo/Documents/Vivado Projects/Practica6_1/Practica6_1.srcs/constrs_1/imports/Downloads/Basys3_Master.xdc:92]
CRITICAL WARNING: [Common 17-55] 'set_property' expects at least one object. [C:/Users/pablo/Documents/Vivado Projects/Practica6_1/Practica6_1.srcs/constrs_1/imports/Downloads/Basys3_Master.xdc:92]
Resolution: If [get_<value>] was used to populate the object, check to make sure this command returns at least one valid object.
WARNING: [Vivado 12-584] No ports matched 'f'. [C:/Users/pablo/Documents/Vivado Projects/Practica6_1/Practica6_1.srcs/constrs_1/imports/Downloads/Basys3_Master.xdc:93]
CRITICAL WARNING: [Common 17-55] 'set_property' expects at least one object. [C:/Users/pablo/Documents/Vivado Projects/Practica6_1/Practica6_1.srcs/constrs_1/imports/Downloads/Basys3_Master.xdc:93]
Resolution: If [get_<value>] was used to populate the object, check to make sure this command returns at least one valid object.
WARNING: [Vivado 12-584] No ports matched 'g'. [C:/Users/pablo/Documents/Vivado Projects/Practica6_1/Practica6_1.srcs/constrs_1/imports/Downloads/Basys3_Master.xdc:94]
CRITICAL WARNING: [Common 17-55] 'set_property' expects at least one object. [C:/Users/pablo/Documents/Vivado Projects/Practica6_1/Practica6_1.srcs/constrs_1/imports/Downloads/Basys3_Master.xdc:94]
Resolution: If [get_<value>] was used to populate the object, check to make sure this command returns at least one valid object.
WARNING: [Vivado 12-584] No ports matched 'g'. [C:/Users/pablo/Documents/Vivado Projects/Practica6_1/Practica6_1.srcs/constrs_1/imports/Downloads/Basys3_Master.xdc:95]
CRITICAL WARNING: [Common 17-55] 'set_property' expects at least one object. [C:/Users/pablo/Documents/Vivado Projects/Practica6_1/Practica6_1.srcs/constrs_1/imports/Downloads/Basys3_Master.xdc:95]
Resolution: If [get_<value>] was used to populate the object, check to make sure this command returns at least one valid object.
WARNING: [Vivado 12-584] No ports matched 'point'. [C:/Users/pablo/Documents/Vivado Projects/Practica6_1/Practica6_1.srcs/constrs_1/imports/Downloads/Basys3_Master.xdc:97]
CRITICAL WARNING: [Common 17-55] 'set_property' expects at least one object. [C:/Users/pablo/Documents/Vivado Projects/Practica6_1/Practica6_1.srcs/constrs_1/imports/Downloads/Basys3_Master.xdc:97]
Resolution: If [get_<value>] was used to populate the object, check to make sure this command returns at least one valid object.
WARNING: [Vivado 12-584] No ports matched 'point'. [C:/Users/pablo/Documents/Vivado Projects/Practica6_1/Practica6_1.srcs/constrs_1/imports/Downloads/Basys3_Master.xdc:98]
CRITICAL WARNING: [Common 17-55] 'set_property' expects at least one object. [C:/Users/pablo/Documents/Vivado Projects/Practica6_1/Practica6_1.srcs/constrs_1/imports/Downloads/Basys3_Master.xdc:98]
Resolution: If [get_<value>] was used to populate the object, check to make sure this command returns at least one valid object.
WARNING: [Vivado 12-584] No ports matched 'SSEG_AN0'. [C:/Users/pablo/Documents/Vivado Projects/Practica6_1/Practica6_1.srcs/constrs_1/imports/Downloads/Basys3_Master.xdc:100]
CRITICAL WARNING: [Common 17-55] 'set_property' expects at least one object. [C:/Users/pablo/Documents/Vivado Projects/Practica6_1/Practica6_1.srcs/constrs_1/imports/Downloads/Basys3_Master.xdc:100]
Resolution: If [get_<value>] was used to populate the object, check to make sure this command returns at least one valid object.
WARNING: [Vivado 12-584] No ports matched 'SSEG_AN0'. [C:/Users/pablo/Documents/Vivado Projects/Practica6_1/Practica6_1.srcs/constrs_1/imports/Downloads/Basys3_Master.xdc:101]
CRITICAL WARNING: [Common 17-55] 'set_property' expects at least one object. [C:/Users/pablo/Documents/Vivado Projects/Practica6_1/Practica6_1.srcs/constrs_1/imports/Downloads/Basys3_Master.xdc:101]
Resolution: If [get_<value>] was used to populate the object, check to make sure this command returns at least one valid object.
WARNING: [Vivado 12-584] No ports matched 'SSEG_AN1'. [C:/Users/pablo/Documents/Vivado Projects/Practica6_1/Practica6_1.srcs/constrs_1/imports/Downloads/Basys3_Master.xdc:102]
CRITICAL WARNING: [Common 17-55] 'set_property' expects at least one object. [C:/Users/pablo/Documents/Vivado Projects/Practica6_1/Practica6_1.srcs/constrs_1/imports/Downloads/Basys3_Master.xdc:102]
Resolution: If [get_<value>] was used to populate the object, check to make sure this command returns at least one valid object.
WARNING: [Vivado 12-584] No ports matched 'SSEG_AN1'. [C:/Users/pablo/Documents/Vivado Projects/Practica6_1/Practica6_1.srcs/constrs_1/imports/Downloads/Basys3_Master.xdc:103]
CRITICAL WARNING: [Common 17-55] 'set_property' expects at least one object. [C:/Users/pablo/Documents/Vivado Projects/Practica6_1/Practica6_1.srcs/constrs_1/imports/Downloads/Basys3_Master.xdc:103]
Resolution: If [get_<value>] was used to populate the object, check to make sure this command returns at least one valid object.
WARNING: [Vivado 12-584] No ports matched 'SSEG_AN2'. [C:/Users/pablo/Documents/Vivado Projects/Practica6_1/Practica6_1.srcs/constrs_1/imports/Downloads/Basys3_Master.xdc:104]
CRITICAL WARNING: [Common 17-55] 'set_property' expects at least one object. [C:/Users/pablo/Documents/Vivado Projects/Practica6_1/Practica6_1.srcs/constrs_1/imports/Downloads/Basys3_Master.xdc:104]
Resolution: If [get_<value>] was used to populate the object, check to make sure this command returns at least one valid object.
WARNING: [Vivado 12-584] No ports matched 'SSEG_AN2'. [C:/Users/pablo/Documents/Vivado Projects/Practica6_1/Practica6_1.srcs/constrs_1/imports/Downloads/Basys3_Master.xdc:105]
CRITICAL WARNING: [Common 17-55] 'set_property' expects at least one object. [C:/Users/pablo/Documents/Vivado Projects/Practica6_1/Practica6_1.srcs/constrs_1/imports/Downloads/Basys3_Master.xdc:105]
Resolution: If [get_<value>] was used to populate the object, check to make sure this command returns at least one valid object.
WARNING: [Vivado 12-584] No ports matched 'SSEG_AN3'. [C:/Users/pablo/Documents/Vivado Projects/Practica6_1/Practica6_1.srcs/constrs_1/imports/Downloads/Basys3_Master.xdc:106]
CRITICAL WARNING: [Common 17-55] 'set_property' expects at least one object. [C:/Users/pablo/Documents/Vivado Projects/Practica6_1/Practica6_1.srcs/constrs_1/imports/Downloads/Basys3_Master.xdc:106]
Resolution: If [get_<value>] was used to populate the object, check to make sure this command returns at least one valid object.
WARNING: [Vivado 12-584] No ports matched 'SSEG_AN3'. [C:/Users/pablo/Documents/Vivado Projects/Practica6_1/Practica6_1.srcs/constrs_1/imports/Downloads/Basys3_Master.xdc:107]
CRITICAL WARNING: [Common 17-55] 'set_property' expects at least one object. [C:/Users/pablo/Documents/Vivado Projects/Practica6_1/Practica6_1.srcs/constrs_1/imports/Downloads/Basys3_Master.xdc:107]
Resolution: If [get_<value>] was used to populate the object, check to make sure this command returns at least one valid object.
Finished Parsing XDC File [C:/Users/pablo/Documents/Vivado Projects/Practica6_1/Practica6_1.srcs/constrs_1/imports/Downloads/Basys3_Master.xdc]
Completed Processing XDC Constraints

refresh_design: Time (s): cpu = 00:00:15 ; elapsed = 00:00:14 . Memory (MB): peak = 5031.457 ; gain = 0.000
set_property top test [current_fileset]
set_property top S7_Segmt [current_fileset]
set_property top_lib xil_defaultlib [current_fileset]
set_property top_arch Flujo_datos [current_fileset]
synth_design -top S7_Segmt -part xc7a35tcpg236-1 -lint 
Command: synth_design -top S7_Segmt -part xc7a35tcpg236-1 -lint
Starting synth_design
Attempting to get a license for feature 'Synthesis' and/or device 'xc7a35t'
INFO: [Common 17-349] Got license for feature 'Synthesis' and/or device 'xc7a35t'
INFO: [Synth 8-7079] Multithreading enabled for synth_design using a maximum of 2 processes.
---------------------------------------------------------------------------------
Starting Synthesize : Time (s): cpu = 00:00:06 ; elapsed = 00:00:06 . Memory (MB): peak = 5031.457 ; gain = 0.000
---------------------------------------------------------------------------------
Clean up Linter database...
INFO: [Synth 8-638] synthesizing module 'S7_Segmt' [C:/Users/pablo/Documents/Vivado Projects/Practica6_1/Practica6_1.srcs/sources_1/new/Practica.vhd:75]
INFO: [Synth 8-226] default block is never used [C:/Users/pablo/Documents/Vivado Projects/Practica6_1/Practica6_1.srcs/sources_1/new/Practica.vhd:85]
INFO: [Synth 8-226] default block is never used [C:/Users/pablo/Documents/Vivado Projects/Practica6_1/Practica6_1.srcs/sources_1/new/Practica.vhd:92]
INFO: [Synth 8-256] done synthesizing module 'S7_Segmt' (1#1) [C:/Users/pablo/Documents/Vivado Projects/Practica6_1/Practica6_1.srcs/sources_1/new/Practica.vhd:75]
---------------------------------------------------------------------------------
Finished Synthesize : Time (s): cpu = 00:00:08 ; elapsed = 00:00:08 . Memory (MB): peak = 5031.457 ; gain = 0.000
---------------------------------------------------------------------------------
Copyright 1986-2022 Xilinx, Inc. All Rights Reserved. Copyright 2022-2025 Advanced Micro Devices, Inc. All Rights Reserved.
---------------------------------------------------------------------------------------------------------------------------------------------
| Tool Version : Vivado v.2025.2 (win64) Build 6299465 Fri Nov 14 19:35:11 GMT 2025
| Date         : Sat Apr 11 17:53:03 2026
| Host         : PABLO running 64-bit major release  (build 9200)
---------------------------------------------------------------------------------------------------------------------------------------------

RTL Linter Report

Table of Contents
-----------------
1. Summary

1. Summary
----------

+---------+----------+--------------+----------+
| Rule ID | Severity | # Violations | # Waived |
+---------+----------+--------------+----------+


INFO: [Synth 37-85] Total of 0 linter message(s) generated.
INFO: [Synth 37-45] Linter Run Finished!
Synthesis Optimization Runtime : Time (s): cpu = 00:00:08 ; elapsed = 00:00:08 . Memory (MB): peak = 5031.457 ; gain = 0.000
INFO: [Common 17-83] Releasing license: Synthesis
9 Infos, 0 Warnings, 0 Critical Warnings and 0 Errors encountered.
synth_design completed successfully
synth_design: Time (s): cpu = 00:00:08 ; elapsed = 00:00:08 . Memory (MB): peak = 5031.457 ; gain = 0.000
refresh_design
INFO: [Synth 8-7079] Multithreading enabled for synth_design using a maximum of 2 processes.
---------------------------------------------------------------------------------
Starting RTL Elaboration : Time (s): cpu = 00:00:07 ; elapsed = 00:00:06 . Memory (MB): peak = 5031.457 ; gain = 0.000
---------------------------------------------------------------------------------
INFO: [Synth 8-638] synthesizing module 'S7_Segmt' [C:/Users/pablo/Documents/Vivado Projects/Practica6_1/Practica6_1.srcs/sources_1/new/Practica.vhd:75]
INFO: [Synth 8-226] default block is never used [C:/Users/pablo/Documents/Vivado Projects/Practica6_1/Practica6_1.srcs/sources_1/new/Practica.vhd:85]
INFO: [Synth 8-226] default block is never used [C:/Users/pablo/Documents/Vivado Projects/Practica6_1/Practica6_1.srcs/sources_1/new/Practica.vhd:92]
INFO: [Synth 8-256] done synthesizing module 'S7_Segmt' (0#1) [C:/Users/pablo/Documents/Vivado Projects/Practica6_1/Practica6_1.srcs/sources_1/new/Practica.vhd:75]
---------------------------------------------------------------------------------
Finished RTL Elaboration : Time (s): cpu = 00:00:09 ; elapsed = 00:00:09 . Memory (MB): peak = 5031.457 ; gain = 0.000
---------------------------------------------------------------------------------
---------------------------------------------------------------------------------
Start Handling Custom Attributes
---------------------------------------------------------------------------------
---------------------------------------------------------------------------------
Finished Handling Custom Attributes : Time (s): cpu = 00:00:09 ; elapsed = 00:00:09 . Memory (MB): peak = 5031.457 ; gain = 0.000
---------------------------------------------------------------------------------
---------------------------------------------------------------------------------
Finished RTL Optimization Phase 1 : Time (s): cpu = 00:00:09 ; elapsed = 00:00:09 . Memory (MB): peak = 5031.457 ; gain = 0.000
---------------------------------------------------------------------------------
Netlist sorting complete. Time (s): cpu = 00:00:00 ; elapsed = 00:00:00 . Memory (MB): peak = 5031.457 ; gain = 0.000
INFO: [Project 1-570] Preparing netlist for logic optimization

Processing XDC Constraints
Initializing timing engine
Parsing XDC File [C:/Users/pablo/Documents/Vivado Projects/Practica6_1/Practica6_1.srcs/constrs_1/imports/Downloads/Basys3_Master.xdc]
WARNING: [Vivado 12-584] No ports matched 'input'. [C:/Users/pablo/Documents/Vivado Projects/Practica6_1/Practica6_1.srcs/constrs_1/imports/Downloads/Basys3_Master.xdc:36]
CRITICAL WARNING: [Common 17-55] 'set_property' expects at least one object. [C:/Users/pablo/Documents/Vivado Projects/Practica6_1/Practica6_1.srcs/constrs_1/imports/Downloads/Basys3_Master.xdc:36]
Resolution: If [get_<value>] was used to populate the object, check to make sure this command returns at least one valid object.
WARNING: [Vivado 12-584] No ports matched 'input'. [C:/Users/pablo/Documents/Vivado Projects/Practica6_1/Practica6_1.srcs/constrs_1/imports/Downloads/Basys3_Master.xdc:37]
CRITICAL WARNING: [Common 17-55] 'set_property' expects at least one object. [C:/Users/pablo/Documents/Vivado Projects/Practica6_1/Practica6_1.srcs/constrs_1/imports/Downloads/Basys3_Master.xdc:37]
Resolution: If [get_<value>] was used to populate the object, check to make sure this command returns at least one valid object.
WARNING: [Vivado 12-584] No ports matched 'output'. [C:/Users/pablo/Documents/Vivado Projects/Practica6_1/Practica6_1.srcs/constrs_1/imports/Downloads/Basys3_Master.xdc:71]
CRITICAL WARNING: [Common 17-55] 'set_property' expects at least one object. [C:/Users/pablo/Documents/Vivado Projects/Practica6_1/Practica6_1.srcs/constrs_1/imports/Downloads/Basys3_Master.xdc:71]
Resolution: If [get_<value>] was used to populate the object, check to make sure this command returns at least one valid object.
WARNING: [Vivado 12-584] No ports matched 'output'. [C:/Users/pablo/Documents/Vivado Projects/Practica6_1/Practica6_1.srcs/constrs_1/imports/Downloads/Basys3_Master.xdc:72]
CRITICAL WARNING: [Common 17-55] 'set_property' expects at least one object. [C:/Users/pablo/Documents/Vivado Projects/Practica6_1/Practica6_1.srcs/constrs_1/imports/Downloads/Basys3_Master.xdc:72]
Resolution: If [get_<value>] was used to populate the object, check to make sure this command returns at least one valid object.
WARNING: [Vivado 12-584] No ports matched 'output'. [C:/Users/pablo/Documents/Vivado Projects/Practica6_1/Practica6_1.srcs/constrs_1/imports/Downloads/Basys3_Master.xdc:297]
CRITICAL WARNING: [Common 17-55] 'set_property' expects at least one object. [C:/Users/pablo/Documents/Vivado Projects/Practica6_1/Practica6_1.srcs/constrs_1/imports/Downloads/Basys3_Master.xdc:297]
Resolution: If [get_<value>] was used to populate the object, check to make sure this command returns at least one valid object.
Finished Parsing XDC File [C:/Users/pablo/Documents/Vivado Projects/Practica6_1/Practica6_1.srcs/constrs_1/imports/Downloads/Basys3_Master.xdc]
Completed Processing XDC Constraints

refresh_design: Time (s): cpu = 00:00:15 ; elapsed = 00:00:13 . Memory (MB): peak = 5031.457 ; gain = 0.000
set_property top test [current_fileset]
synth_design -top test -part xc7a35tcpg236-1 -lint 
Command: synth_design -top test -part xc7a35tcpg236-1 -lint
Starting synth_design
Attempting to get a license for feature 'Synthesis' and/or device 'xc7a35t'
INFO: [Common 17-349] Got license for feature 'Synthesis' and/or device 'xc7a35t'
INFO: [Synth 8-7079] Multithreading enabled for synth_design using a maximum of 2 processes.
---------------------------------------------------------------------------------
Starting Synthesize : Time (s): cpu = 00:00:06 ; elapsed = 00:00:07 . Memory (MB): peak = 5031.457 ; gain = 0.000
---------------------------------------------------------------------------------
Clean up Linter database...
INFO: [Synth 8-638] synthesizing module 'test' [C:/Users/pablo/Documents/Vivado Projects/Practica6_1/Practica6_1.srcs/sources_1/new/Practica.vhd:134]
INFO: [Synth 8-638] synthesizing module 'S7_Segmt_behavioral' [C:/Users/pablo/Documents/Vivado Projects/Practica6_1/Practica6_1.srcs/sources_1/new/Practica.vhd:75]
INFO: [Synth 8-226] default block is never used [C:/Users/pablo/Documents/Vivado Projects/Practica6_1/Practica6_1.srcs/sources_1/new/Practica.vhd:85]
INFO: [Synth 8-226] default block is never used [C:/Users/pablo/Documents/Vivado Projects/Practica6_1/Practica6_1.srcs/sources_1/new/Practica.vhd:92]
INFO: [Synth 8-256] done synthesizing module 'S7_Segmt_behavioral' (1#1) [C:/Users/pablo/Documents/Vivado Projects/Practica6_1/Practica6_1.srcs/sources_1/new/Practica.vhd:75]
WARNING: [Synth 8-312] ignoring unsynthesizable construct: wait statement with no conditon [C:/Users/pablo/Documents/Vivado Projects/Practica6_1/Practica6_1.srcs/sources_1/new/Practica.vhd:151]
WARNING: [Synth 8-312] ignoring unsynthesizable construct: wait statement with no conditon [C:/Users/pablo/Documents/Vivado Projects/Practica6_1/Practica6_1.srcs/sources_1/new/Practica.vhd:156]
WARNING: [Synth 8-312] ignoring unsynthesizable construct: wait statement with no conditon [C:/Users/pablo/Documents/Vivado Projects/Practica6_1/Practica6_1.srcs/sources_1/new/Practica.vhd:161]
INFO: [Synth 8-256] done synthesizing module 'test' (2#1) [C:/Users/pablo/Documents/Vivado Projects/Practica6_1/Practica6_1.srcs/sources_1/new/Practica.vhd:134]
---------------------------------------------------------------------------------
Finished Synthesize : Time (s): cpu = 00:00:09 ; elapsed = 00:00:09 . Memory (MB): peak = 5031.457 ; gain = 0.000
---------------------------------------------------------------------------------
Copyright 1986-2022 Xilinx, Inc. All Rights Reserved. Copyright 2022-2025 Advanced Micro Devices, Inc. All Rights Reserved.
---------------------------------------------------------------------------------------------------------------------------------------------
| Tool Version : Vivado v.2025.2 (win64) Build 6299465 Fri Nov 14 19:35:11 GMT 2025
| Date         : Sat Apr 11 17:57:40 2026
| Host         : PABLO running 64-bit major release  (build 9200)
---------------------------------------------------------------------------------------------------------------------------------------------

RTL Linter Report

Table of Contents
-----------------
1. Summary

1. Summary
----------

+----------+----------+--------------+----------+
| Rule ID  | Severity | # Violations | # Waived |
+----------+----------+--------------+----------+
| ASSIGN-6 | WARNING  | 12           | 0        |
+----------+----------+--------------+----------+


WARNING: [Synth 37-93] [ASSIGN-6]Signal 'SSEG_AN0_S' was assigned but not read. 
RTL Name 'SSEG_AN0_S', Hierarchy 'test', File 'C:/Users/pablo/Documents/Vivado Projects/Practica6_1/Practica6_1.srcs/sources_1/new/Practica.vhd', Line 136.
WARNING: [Synth 37-93] [ASSIGN-6]Signal 'SSEG_AN1_S' was assigned but not read. 
RTL Name 'SSEG_AN1_S', Hierarchy 'test', File 'C:/Users/pablo/Documents/Vivado Projects/Practica6_1/Practica6_1.srcs/sources_1/new/Practica.vhd', Line 136.
WARNING: [Synth 37-93] [ASSIGN-6]Signal 'SSEG_AN2_S' was assigned but not read. 
RTL Name 'SSEG_AN2_S', Hierarchy 'test', File 'C:/Users/pablo/Documents/Vivado Projects/Practica6_1/Practica6_1.srcs/sources_1/new/Practica.vhd', Line 136.
WARNING: [Synth 37-93] [ASSIGN-6]Signal 'SSEG_AN3_S' was assigned but not read. 
RTL Name 'SSEG_AN3_S', Hierarchy 'test', File 'C:/Users/pablo/Documents/Vivado Projects/Practica6_1/Practica6_1.srcs/sources_1/new/Practica.vhd', Line 136.
WARNING: [Synth 37-93] [ASSIGN-6]Signal 'a_S' was assigned but not read. 
RTL Name 'a_S', Hierarchy 'test', File 'C:/Users/pablo/Documents/Vivado Projects/Practica6_1/Practica6_1.srcs/sources_1/new/Practica.vhd', Line 136.
WARNING: [Synth 37-93] [ASSIGN-6]Signal 'b_S' was assigned but not read. 
RTL Name 'b_S', Hierarchy 'test', File 'C:/Users/pablo/Documents/Vivado Projects/Practica6_1/Practica6_1.srcs/sources_1/new/Practica.vhd', Line 136.
WARNING: [Synth 37-93] [ASSIGN-6]Signal 'c_S' was assigned but not read. 
RTL Name 'c_S', Hierarchy 'test', File 'C:/Users/pablo/Documents/Vivado Projects/Practica6_1/Practica6_1.srcs/sources_1/new/Practica.vhd', Line 136.
WARNING: [Synth 37-93] [ASSIGN-6]Signal 'd_S' was assigned but not read. 
RTL Name 'd_S', Hierarchy 'test', File 'C:/Users/pablo/Documents/Vivado Projects/Practica6_1/Practica6_1.srcs/sources_1/new/Practica.vhd', Line 136.
WARNING: [Synth 37-93] [ASSIGN-6]Signal 'e_S' was assigned but not read. 
RTL Name 'e_S', Hierarchy 'test', File 'C:/Users/pablo/Documents/Vivado Projects/Practica6_1/Practica6_1.srcs/sources_1/new/Practica.vhd', Line 136.
WARNING: [Synth 37-93] [ASSIGN-6]Signal 'f_S' was assigned but not read. 
RTL Name 'f_S', Hierarchy 'test', File 'C:/Users/pablo/Documents/Vivado Projects/Practica6_1/Practica6_1.srcs/sources_1/new/Practica.vhd', Line 136.
WARNING: [Synth 37-93] [ASSIGN-6]Signal 'g_S' was assigned but not read. 
RTL Name 'g_S', Hierarchy 'test', File 'C:/Users/pablo/Documents/Vivado Projects/Practica6_1/Practica6_1.srcs/sources_1/new/Practica.vhd', Line 136.
WARNING: [Synth 37-93] [ASSIGN-6]Signal 'point_S' was assigned but not read. 
RTL Name 'point_S', Hierarchy 'test', File 'C:/Users/pablo/Documents/Vivado Projects/Practica6_1/Practica6_1.srcs/sources_1/new/Practica.vhd', Line 136.
INFO: [Synth 37-85] Total of 12 linter message(s) generated.
INFO: [Synth 37-45] Linter Run Finished!
Synthesis Optimization Runtime : Time (s): cpu = 00:00:09 ; elapsed = 00:00:09 . Memory (MB): peak = 5031.457 ; gain = 0.000
INFO: [Common 17-83] Releasing license: Synthesis
11 Infos, 15 Warnings, 0 Critical Warnings and 0 Errors encountered.
synth_design completed successfully
synth_design: Time (s): cpu = 00:00:10 ; elapsed = 00:00:09 . Memory (MB): peak = 5031.457 ; gain = 0.000
refresh_design
INFO: [Synth 8-7079] Multithreading enabled for synth_design using a maximum of 2 processes.
---------------------------------------------------------------------------------
Starting RTL Elaboration : Time (s): cpu = 00:00:07 ; elapsed = 00:00:07 . Memory (MB): peak = 5031.457 ; gain = 0.000
---------------------------------------------------------------------------------
INFO: [Synth 8-638] synthesizing module 'test' [C:/Users/pablo/Documents/Vivado Projects/Practica6_1/Practica6_1.srcs/sources_1/new/Practica.vhd:134]
INFO: [Synth 8-638] synthesizing module 'S7_Segmt_behavioral' [C:/Users/pablo/Documents/Vivado Projects/Practica6_1/Practica6_1.srcs/sources_1/new/Practica.vhd:75]
INFO: [Synth 8-226] default block is never used [C:/Users/pablo/Documents/Vivado Projects/Practica6_1/Practica6_1.srcs/sources_1/new/Practica.vhd:85]
INFO: [Synth 8-226] default block is never used [C:/Users/pablo/Documents/Vivado Projects/Practica6_1/Practica6_1.srcs/sources_1/new/Practica.vhd:92]
INFO: [Synth 8-256] done synthesizing module 'S7_Segmt_behavioral' (0#1) [C:/Users/pablo/Documents/Vivado Projects/Practica6_1/Practica6_1.srcs/sources_1/new/Practica.vhd:75]
WARNING: [Synth 8-312] ignoring unsynthesizable construct: wait statement with no conditon [C:/Users/pablo/Documents/Vivado Projects/Practica6_1/Practica6_1.srcs/sources_1/new/Practica.vhd:151]
WARNING: [Synth 8-312] ignoring unsynthesizable construct: wait statement with no conditon [C:/Users/pablo/Documents/Vivado Projects/Practica6_1/Practica6_1.srcs/sources_1/new/Practica.vhd:156]
WARNING: [Synth 8-312] ignoring unsynthesizable construct: wait statement with no conditon [C:/Users/pablo/Documents/Vivado Projects/Practica6_1/Practica6_1.srcs/sources_1/new/Practica.vhd:161]
INFO: [Synth 8-256] done synthesizing module 'test' (0#1) [C:/Users/pablo/Documents/Vivado Projects/Practica6_1/Practica6_1.srcs/sources_1/new/Practica.vhd:134]
---------------------------------------------------------------------------------
Finished RTL Elaboration : Time (s): cpu = 00:00:09 ; elapsed = 00:00:09 . Memory (MB): peak = 5031.457 ; gain = 0.000
---------------------------------------------------------------------------------
---------------------------------------------------------------------------------
Start Handling Custom Attributes
---------------------------------------------------------------------------------
---------------------------------------------------------------------------------
Finished Handling Custom Attributes : Time (s): cpu = 00:00:09 ; elapsed = 00:00:09 . Memory (MB): peak = 5031.457 ; gain = 0.000
---------------------------------------------------------------------------------
---------------------------------------------------------------------------------
Finished RTL Optimization Phase 1 : Time (s): cpu = 00:00:09 ; elapsed = 00:00:09 . Memory (MB): peak = 5031.457 ; gain = 0.000
---------------------------------------------------------------------------------
Netlist sorting complete. Time (s): cpu = 00:00:00 ; elapsed = 00:00:00 . Memory (MB): peak = 5031.457 ; gain = 0.000
INFO: [Project 1-570] Preparing netlist for logic optimization

Processing XDC Constraints
Initializing timing engine
Parsing XDC File [C:/Users/pablo/Documents/Vivado Projects/Practica6_1/Practica6_1.srcs/constrs_1/imports/Downloads/Basys3_Master.xdc]
WARNING: [Vivado 12-584] No ports matched 'A0'. [C:/Users/pablo/Documents/Vivado Projects/Practica6_1/Practica6_1.srcs/constrs_1/imports/Downloads/Basys3_Master.xdc:12]
CRITICAL WARNING: [Common 17-55] 'set_property' expects at least one object. [C:/Users/pablo/Documents/Vivado Projects/Practica6_1/Practica6_1.srcs/constrs_1/imports/Downloads/Basys3_Master.xdc:12]
Resolution: If [get_<value>] was used to populate the object, check to make sure this command returns at least one valid object.
WARNING: [Vivado 12-584] No ports matched 'A0'. [C:/Users/pablo/Documents/Vivado Projects/Practica6_1/Practica6_1.srcs/constrs_1/imports/Downloads/Basys3_Master.xdc:13]
CRITICAL WARNING: [Common 17-55] 'set_property' expects at least one object. [C:/Users/pablo/Documents/Vivado Projects/Practica6_1/Practica6_1.srcs/constrs_1/imports/Downloads/Basys3_Master.xdc:13]
Resolution: If [get_<value>] was used to populate the object, check to make sure this command returns at least one valid object.
WARNING: [Vivado 12-584] No ports matched 'A1'. [C:/Users/pablo/Documents/Vivado Projects/Practica6_1/Practica6_1.srcs/constrs_1/imports/Downloads/Basys3_Master.xdc:14]
CRITICAL WARNING: [Common 17-55] 'set_property' expects at least one object. [C:/Users/pablo/Documents/Vivado Projects/Practica6_1/Practica6_1.srcs/constrs_1/imports/Downloads/Basys3_Master.xdc:14]
Resolution: If [get_<value>] was used to populate the object, check to make sure this command returns at least one valid object.
WARNING: [Vivado 12-584] No ports matched 'A1'. [C:/Users/pablo/Documents/Vivado Projects/Practica6_1/Practica6_1.srcs/constrs_1/imports/Downloads/Basys3_Master.xdc:15]
CRITICAL WARNING: [Common 17-55] 'set_property' expects at least one object. [C:/Users/pablo/Documents/Vivado Projects/Practica6_1/Practica6_1.srcs/constrs_1/imports/Downloads/Basys3_Master.xdc:15]
Resolution: If [get_<value>] was used to populate the object, check to make sure this command returns at least one valid object.
WARNING: [Vivado 12-584] No ports matched 'A2'. [C:/Users/pablo/Documents/Vivado Projects/Practica6_1/Practica6_1.srcs/constrs_1/imports/Downloads/Basys3_Master.xdc:16]
CRITICAL WARNING: [Common 17-55] 'set_property' expects at least one object. [C:/Users/pablo/Documents/Vivado Projects/Practica6_1/Practica6_1.srcs/constrs_1/imports/Downloads/Basys3_Master.xdc:16]
Resolution: If [get_<value>] was used to populate the object, check to make sure this command returns at least one valid object.
WARNING: [Vivado 12-584] No ports matched 'A2'. [C:/Users/pablo/Documents/Vivado Projects/Practica6_1/Practica6_1.srcs/constrs_1/imports/Downloads/Basys3_Master.xdc:17]
CRITICAL WARNING: [Common 17-55] 'set_property' expects at least one object. [C:/Users/pablo/Documents/Vivado Projects/Practica6_1/Practica6_1.srcs/constrs_1/imports/Downloads/Basys3_Master.xdc:17]
Resolution: If [get_<value>] was used to populate the object, check to make sure this command returns at least one valid object.
WARNING: [Vivado 12-584] No ports matched 'A3'. [C:/Users/pablo/Documents/Vivado Projects/Practica6_1/Practica6_1.srcs/constrs_1/imports/Downloads/Basys3_Master.xdc:18]
CRITICAL WARNING: [Common 17-55] 'set_property' expects at least one object. [C:/Users/pablo/Documents/Vivado Projects/Practica6_1/Practica6_1.srcs/constrs_1/imports/Downloads/Basys3_Master.xdc:18]
Resolution: If [get_<value>] was used to populate the object, check to make sure this command returns at least one valid object.
WARNING: [Vivado 12-584] No ports matched 'A3'. [C:/Users/pablo/Documents/Vivado Projects/Practica6_1/Practica6_1.srcs/constrs_1/imports/Downloads/Basys3_Master.xdc:19]
CRITICAL WARNING: [Common 17-55] 'set_property' expects at least one object. [C:/Users/pablo/Documents/Vivado Projects/Practica6_1/Practica6_1.srcs/constrs_1/imports/Downloads/Basys3_Master.xdc:19]
Resolution: If [get_<value>] was used to populate the object, check to make sure this command returns at least one valid object.
WARNING: [Vivado 12-584] No ports matched 'S0'. [C:/Users/pablo/Documents/Vivado Projects/Practica6_1/Practica6_1.srcs/constrs_1/imports/Downloads/Basys3_Master.xdc:22]
CRITICAL WARNING: [Common 17-55] 'set_property' expects at least one object. [C:/Users/pablo/Documents/Vivado Projects/Practica6_1/Practica6_1.srcs/constrs_1/imports/Downloads/Basys3_Master.xdc:22]
Resolution: If [get_<value>] was used to populate the object, check to make sure this command returns at least one valid object.
WARNING: [Vivado 12-584] No ports matched 'S0'. [C:/Users/pablo/Documents/Vivado Projects/Practica6_1/Practica6_1.srcs/constrs_1/imports/Downloads/Basys3_Master.xdc:23]
CRITICAL WARNING: [Common 17-55] 'set_property' expects at least one object. [C:/Users/pablo/Documents/Vivado Projects/Practica6_1/Practica6_1.srcs/constrs_1/imports/Downloads/Basys3_Master.xdc:23]
Resolution: If [get_<value>] was used to populate the object, check to make sure this command returns at least one valid object.
WARNING: [Vivado 12-584] No ports matched 'S1'. [C:/Users/pablo/Documents/Vivado Projects/Practica6_1/Practica6_1.srcs/constrs_1/imports/Downloads/Basys3_Master.xdc:24]
CRITICAL WARNING: [Common 17-55] 'set_property' expects at least one object. [C:/Users/pablo/Documents/Vivado Projects/Practica6_1/Practica6_1.srcs/constrs_1/imports/Downloads/Basys3_Master.xdc:24]
Resolution: If [get_<value>] was used to populate the object, check to make sure this command returns at least one valid object.
WARNING: [Vivado 12-584] No ports matched 'S1'. [C:/Users/pablo/Documents/Vivado Projects/Practica6_1/Practica6_1.srcs/constrs_1/imports/Downloads/Basys3_Master.xdc:25]
CRITICAL WARNING: [Common 17-55] 'set_property' expects at least one object. [C:/Users/pablo/Documents/Vivado Projects/Practica6_1/Practica6_1.srcs/constrs_1/imports/Downloads/Basys3_Master.xdc:25]
Resolution: If [get_<value>] was used to populate the object, check to make sure this command returns at least one valid object.
WARNING: [Vivado 12-584] No ports matched 'a'. [C:/Users/pablo/Documents/Vivado Projects/Practica6_1/Practica6_1.srcs/constrs_1/imports/Downloads/Basys3_Master.xdc:82]
CRITICAL WARNING: [Common 17-55] 'set_property' expects at least one object. [C:/Users/pablo/Documents/Vivado Projects/Practica6_1/Practica6_1.srcs/constrs_1/imports/Downloads/Basys3_Master.xdc:82]
Resolution: If [get_<value>] was used to populate the object, check to make sure this command returns at least one valid object.
WARNING: [Vivado 12-584] No ports matched 'a'. [C:/Users/pablo/Documents/Vivado Projects/Practica6_1/Practica6_1.srcs/constrs_1/imports/Downloads/Basys3_Master.xdc:83]
CRITICAL WARNING: [Common 17-55] 'set_property' expects at least one object. [C:/Users/pablo/Documents/Vivado Projects/Practica6_1/Practica6_1.srcs/constrs_1/imports/Downloads/Basys3_Master.xdc:83]
Resolution: If [get_<value>] was used to populate the object, check to make sure this command returns at least one valid object.
WARNING: [Vivado 12-584] No ports matched 'b'. [C:/Users/pablo/Documents/Vivado Projects/Practica6_1/Practica6_1.srcs/constrs_1/imports/Downloads/Basys3_Master.xdc:84]
CRITICAL WARNING: [Common 17-55] 'set_property' expects at least one object. [C:/Users/pablo/Documents/Vivado Projects/Practica6_1/Practica6_1.srcs/constrs_1/imports/Downloads/Basys3_Master.xdc:84]
Resolution: If [get_<value>] was used to populate the object, check to make sure this command returns at least one valid object.
WARNING: [Vivado 12-584] No ports matched 'b'. [C:/Users/pablo/Documents/Vivado Projects/Practica6_1/Practica6_1.srcs/constrs_1/imports/Downloads/Basys3_Master.xdc:85]
CRITICAL WARNING: [Common 17-55] 'set_property' expects at least one object. [C:/Users/pablo/Documents/Vivado Projects/Practica6_1/Practica6_1.srcs/constrs_1/imports/Downloads/Basys3_Master.xdc:85]
Resolution: If [get_<value>] was used to populate the object, check to make sure this command returns at least one valid object.
WARNING: [Vivado 12-584] No ports matched 'c'. [C:/Users/pablo/Documents/Vivado Projects/Practica6_1/Practica6_1.srcs/constrs_1/imports/Downloads/Basys3_Master.xdc:86]
CRITICAL WARNING: [Common 17-55] 'set_property' expects at least one object. [C:/Users/pablo/Documents/Vivado Projects/Practica6_1/Practica6_1.srcs/constrs_1/imports/Downloads/Basys3_Master.xdc:86]
Resolution: If [get_<value>] was used to populate the object, check to make sure this command returns at least one valid object.
WARNING: [Vivado 12-584] No ports matched 'c'. [C:/Users/pablo/Documents/Vivado Projects/Practica6_1/Practica6_1.srcs/constrs_1/imports/Downloads/Basys3_Master.xdc:87]
CRITICAL WARNING: [Common 17-55] 'set_property' expects at least one object. [C:/Users/pablo/Documents/Vivado Projects/Practica6_1/Practica6_1.srcs/constrs_1/imports/Downloads/Basys3_Master.xdc:87]
Resolution: If [get_<value>] was used to populate the object, check to make sure this command returns at least one valid object.
WARNING: [Vivado 12-584] No ports matched 'd'. [C:/Users/pablo/Documents/Vivado Projects/Practica6_1/Practica6_1.srcs/constrs_1/imports/Downloads/Basys3_Master.xdc:88]
CRITICAL WARNING: [Common 17-55] 'set_property' expects at least one object. [C:/Users/pablo/Documents/Vivado Projects/Practica6_1/Practica6_1.srcs/constrs_1/imports/Downloads/Basys3_Master.xdc:88]
Resolution: If [get_<value>] was used to populate the object, check to make sure this command returns at least one valid object.
WARNING: [Vivado 12-584] No ports matched 'd'. [C:/Users/pablo/Documents/Vivado Projects/Practica6_1/Practica6_1.srcs/constrs_1/imports/Downloads/Basys3_Master.xdc:89]
CRITICAL WARNING: [Common 17-55] 'set_property' expects at least one object. [C:/Users/pablo/Documents/Vivado Projects/Practica6_1/Practica6_1.srcs/constrs_1/imports/Downloads/Basys3_Master.xdc:89]
Resolution: If [get_<value>] was used to populate the object, check to make sure this command returns at least one valid object.
WARNING: [Vivado 12-584] No ports matched 'e'. [C:/Users/pablo/Documents/Vivado Projects/Practica6_1/Practica6_1.srcs/constrs_1/imports/Downloads/Basys3_Master.xdc:90]
CRITICAL WARNING: [Common 17-55] 'set_property' expects at least one object. [C:/Users/pablo/Documents/Vivado Projects/Practica6_1/Practica6_1.srcs/constrs_1/imports/Downloads/Basys3_Master.xdc:90]
Resolution: If [get_<value>] was used to populate the object, check to make sure this command returns at least one valid object.
WARNING: [Vivado 12-584] No ports matched 'e'. [C:/Users/pablo/Documents/Vivado Projects/Practica6_1/Practica6_1.srcs/constrs_1/imports/Downloads/Basys3_Master.xdc:91]
CRITICAL WARNING: [Common 17-55] 'set_property' expects at least one object. [C:/Users/pablo/Documents/Vivado Projects/Practica6_1/Practica6_1.srcs/constrs_1/imports/Downloads/Basys3_Master.xdc:91]
Resolution: If [get_<value>] was used to populate the object, check to make sure this command returns at least one valid object.
WARNING: [Vivado 12-584] No ports matched 'f'. [C:/Users/pablo/Documents/Vivado Projects/Practica6_1/Practica6_1.srcs/constrs_1/imports/Downloads/Basys3_Master.xdc:92]
CRITICAL WARNING: [Common 17-55] 'set_property' expects at least one object. [C:/Users/pablo/Documents/Vivado Projects/Practica6_1/Practica6_1.srcs/constrs_1/imports/Downloads/Basys3_Master.xdc:92]
Resolution: If [get_<value>] was used to populate the object, check to make sure this command returns at least one valid object.
WARNING: [Vivado 12-584] No ports matched 'f'. [C:/Users/pablo/Documents/Vivado Projects/Practica6_1/Practica6_1.srcs/constrs_1/imports/Downloads/Basys3_Master.xdc:93]
CRITICAL WARNING: [Common 17-55] 'set_property' expects at least one object. [C:/Users/pablo/Documents/Vivado Projects/Practica6_1/Practica6_1.srcs/constrs_1/imports/Downloads/Basys3_Master.xdc:93]
Resolution: If [get_<value>] was used to populate the object, check to make sure this command returns at least one valid object.
WARNING: [Vivado 12-584] No ports matched 'g'. [C:/Users/pablo/Documents/Vivado Projects/Practica6_1/Practica6_1.srcs/constrs_1/imports/Downloads/Basys3_Master.xdc:94]
CRITICAL WARNING: [Common 17-55] 'set_property' expects at least one object. [C:/Users/pablo/Documents/Vivado Projects/Practica6_1/Practica6_1.srcs/constrs_1/imports/Downloads/Basys3_Master.xdc:94]
Resolution: If [get_<value>] was used to populate the object, check to make sure this command returns at least one valid object.
WARNING: [Vivado 12-584] No ports matched 'g'. [C:/Users/pablo/Documents/Vivado Projects/Practica6_1/Practica6_1.srcs/constrs_1/imports/Downloads/Basys3_Master.xdc:95]
CRITICAL WARNING: [Common 17-55] 'set_property' expects at least one object. [C:/Users/pablo/Documents/Vivado Projects/Practica6_1/Practica6_1.srcs/constrs_1/imports/Downloads/Basys3_Master.xdc:95]
Resolution: If [get_<value>] was used to populate the object, check to make sure this command returns at least one valid object.
WARNING: [Vivado 12-584] No ports matched 'point'. [C:/Users/pablo/Documents/Vivado Projects/Practica6_1/Practica6_1.srcs/constrs_1/imports/Downloads/Basys3_Master.xdc:97]
CRITICAL WARNING: [Common 17-55] 'set_property' expects at least one object. [C:/Users/pablo/Documents/Vivado Projects/Practica6_1/Practica6_1.srcs/constrs_1/imports/Downloads/Basys3_Master.xdc:97]
Resolution: If [get_<value>] was used to populate the object, check to make sure this command returns at least one valid object.
WARNING: [Vivado 12-584] No ports matched 'point'. [C:/Users/pablo/Documents/Vivado Projects/Practica6_1/Practica6_1.srcs/constrs_1/imports/Downloads/Basys3_Master.xdc:98]
CRITICAL WARNING: [Common 17-55] 'set_property' expects at least one object. [C:/Users/pablo/Documents/Vivado Projects/Practica6_1/Practica6_1.srcs/constrs_1/imports/Downloads/Basys3_Master.xdc:98]
Resolution: If [get_<value>] was used to populate the object, check to make sure this command returns at least one valid object.
WARNING: [Vivado 12-584] No ports matched 'SSEG_AN0'. [C:/Users/pablo/Documents/Vivado Projects/Practica6_1/Practica6_1.srcs/constrs_1/imports/Downloads/Basys3_Master.xdc:100]
CRITICAL WARNING: [Common 17-55] 'set_property' expects at least one object. [C:/Users/pablo/Documents/Vivado Projects/Practica6_1/Practica6_1.srcs/constrs_1/imports/Downloads/Basys3_Master.xdc:100]
Resolution: If [get_<value>] was used to populate the object, check to make sure this command returns at least one valid object.
WARNING: [Vivado 12-584] No ports matched 'SSEG_AN0'. [C:/Users/pablo/Documents/Vivado Projects/Practica6_1/Practica6_1.srcs/constrs_1/imports/Downloads/Basys3_Master.xdc:101]
CRITICAL WARNING: [Common 17-55] 'set_property' expects at least one object. [C:/Users/pablo/Documents/Vivado Projects/Practica6_1/Practica6_1.srcs/constrs_1/imports/Downloads/Basys3_Master.xdc:101]
Resolution: If [get_<value>] was used to populate the object, check to make sure this command returns at least one valid object.
WARNING: [Vivado 12-584] No ports matched 'SSEG_AN1'. [C:/Users/pablo/Documents/Vivado Projects/Practica6_1/Practica6_1.srcs/constrs_1/imports/Downloads/Basys3_Master.xdc:102]
CRITICAL WARNING: [Common 17-55] 'set_property' expects at least one object. [C:/Users/pablo/Documents/Vivado Projects/Practica6_1/Practica6_1.srcs/constrs_1/imports/Downloads/Basys3_Master.xdc:102]
Resolution: If [get_<value>] was used to populate the object, check to make sure this command returns at least one valid object.
WARNING: [Vivado 12-584] No ports matched 'SSEG_AN1'. [C:/Users/pablo/Documents/Vivado Projects/Practica6_1/Practica6_1.srcs/constrs_1/imports/Downloads/Basys3_Master.xdc:103]
CRITICAL WARNING: [Common 17-55] 'set_property' expects at least one object. [C:/Users/pablo/Documents/Vivado Projects/Practica6_1/Practica6_1.srcs/constrs_1/imports/Downloads/Basys3_Master.xdc:103]
Resolution: If [get_<value>] was used to populate the object, check to make sure this command returns at least one valid object.
WARNING: [Vivado 12-584] No ports matched 'SSEG_AN2'. [C:/Users/pablo/Documents/Vivado Projects/Practica6_1/Practica6_1.srcs/constrs_1/imports/Downloads/Basys3_Master.xdc:104]
CRITICAL WARNING: [Common 17-55] 'set_property' expects at least one object. [C:/Users/pablo/Documents/Vivado Projects/Practica6_1/Practica6_1.srcs/constrs_1/imports/Downloads/Basys3_Master.xdc:104]
Resolution: If [get_<value>] was used to populate the object, check to make sure this command returns at least one valid object.
WARNING: [Vivado 12-584] No ports matched 'SSEG_AN2'. [C:/Users/pablo/Documents/Vivado Projects/Practica6_1/Practica6_1.srcs/constrs_1/imports/Downloads/Basys3_Master.xdc:105]
CRITICAL WARNING: [Common 17-55] 'set_property' expects at least one object. [C:/Users/pablo/Documents/Vivado Projects/Practica6_1/Practica6_1.srcs/constrs_1/imports/Downloads/Basys3_Master.xdc:105]
Resolution: If [get_<value>] was used to populate the object, check to make sure this command returns at least one valid object.
WARNING: [Vivado 12-584] No ports matched 'SSEG_AN3'. [C:/Users/pablo/Documents/Vivado Projects/Practica6_1/Practica6_1.srcs/constrs_1/imports/Downloads/Basys3_Master.xdc:106]
CRITICAL WARNING: [Common 17-55] 'set_property' expects at least one object. [C:/Users/pablo/Documents/Vivado Projects/Practica6_1/Practica6_1.srcs/constrs_1/imports/Downloads/Basys3_Master.xdc:106]
Resolution: If [get_<value>] was used to populate the object, check to make sure this command returns at least one valid object.
WARNING: [Vivado 12-584] No ports matched 'SSEG_AN3'. [C:/Users/pablo/Documents/Vivado Projects/Practica6_1/Practica6_1.srcs/constrs_1/imports/Downloads/Basys3_Master.xdc:107]
CRITICAL WARNING: [Common 17-55] 'set_property' expects at least one object. [C:/Users/pablo/Documents/Vivado Projects/Practica6_1/Practica6_1.srcs/constrs_1/imports/Downloads/Basys3_Master.xdc:107]
Resolution: If [get_<value>] was used to populate the object, check to make sure this command returns at least one valid object.
WARNING: [Vivado 12-584] No ports matched 'output'. [C:/Users/pablo/Documents/Vivado Projects/Practica6_1/Practica6_1.srcs/constrs_1/imports/Downloads/Basys3_Master.xdc:297]
CRITICAL WARNING: [Common 17-55] 'set_property' expects at least one object. [C:/Users/pablo/Documents/Vivado Projects/Practica6_1/Practica6_1.srcs/constrs_1/imports/Downloads/Basys3_Master.xdc:297]
Resolution: If [get_<value>] was used to populate the object, check to make sure this command returns at least one valid object.
Finished Parsing XDC File [C:/Users/pablo/Documents/Vivado Projects/Practica6_1/Practica6_1.srcs/constrs_1/imports/Downloads/Basys3_Master.xdc]
Completed Processing XDC Constraints

refresh_design: Time (s): cpu = 00:00:15 ; elapsed = 00:00:13 . Memory (MB): peak = 5031.457 ; gain = 0.000
launch_runs synth_1 -jobs 12
WARNING: [Vivado 12-7122] Auto Incremental Compile:: No reference checkpoint was found in run synth_1. Auto-incremental flow will not be run, the standard flow will be run instead.
[Sat Apr 11 18:13:50 2026] Launched synth_1...
Run output will be captured here: C:/Users/pablo/Documents/Vivado Projects/Practica6_1/Practica6_1.runs/synth_1/runme.log
launch_runs impl_1 -jobs 12
[Sat Apr 11 18:14:56 2026] Launched impl_1...
Run output will be captured here: C:/Users/pablo/Documents/Vivado Projects/Practica6_1/Practica6_1.runs/impl_1/runme.log
close_design
reset_run synth_1
INFO: [Project 1-1160] Copying file C:/Users/pablo/Documents/Vivado Projects/Practica6_1/Practica6_1.runs/synth_1/test.dcp to C:/Users/pablo/Documents/Vivado Projects/Practica6_1/Practica6_1.srcs/utils_1/imports/synth_1 and adding it to utils fileset
launch_runs synth_1 -jobs 12
[Sat Apr 11 18:18:22 2026] Launched synth_1...
Run output will be captured here: C:/Users/pablo/Documents/Vivado Projects/Practica6_1/Practica6_1.runs/synth_1/runme.log
launch_runs impl_1 -jobs 12
[Sat Apr 11 18:19:26 2026] Launched impl_1...
Run output will be captured here: C:/Users/pablo/Documents/Vivado Projects/Practica6_1/Practica6_1.runs/impl_1/runme.log
reset_run synth_1
INFO: [Project 1-1161] Replacing file C:/Users/pablo/Documents/Vivado Projects/Practica6_1/Practica6_1.srcs/utils_1/imports/synth_1/test.dcp with file C:/Users/pablo/Documents/Vivado Projects/Practica6_1/Practica6_1.runs/synth_1/test.dcp
launch_runs synth_1 -jobs 12
[Sat Apr 11 18:22:17 2026] Launched synth_1...
Run output will be captured here: C:/Users/pablo/Documents/Vivado Projects/Practica6_1/Practica6_1.runs/synth_1/runme.log
launch_runs impl_1 -jobs 12
[Sat Apr 11 18:26:42 2026] Launched impl_1...
Run output will be captured here: C:/Users/pablo/Documents/Vivado Projects/Practica6_1/Practica6_1.runs/impl_1/runme.log
open_run impl_1
Netlist sorting complete. Time (s): cpu = 00:00:00 ; elapsed = 00:00:00.001 . Memory (MB): peak = 5031.457 ; gain = 0.000
INFO: [Project 1-479] Netlist was created with Vivado 2025.2
INFO: [Project 1-570] Preparing netlist for logic optimization
Read ShapeDB Complete: Time (s): cpu = 00:00:00 ; elapsed = 00:00:00.003 . Memory (MB): peak = 5031.457 ; gain = 0.000
INFO: [Timing 38-478] Restoring timing data from binary archive.
INFO: [Timing 38-479] Binary timing data restore complete.
INFO: [Project 1-856] Restoring constraints from binary archive.
INFO: [Project 1-853] Binary constraint restore complete.
INFO: [Designutils 20-5722] Start Reading Physical Databases.
Reading placement.
Read Netlist Cache: Time (s): cpu = 00:00:00 ; elapsed = 00:00:00 . Memory (MB): peak = 5031.457 ; gain = 0.000
Reading placer database...
Read Device Cache: Time (s): cpu = 00:00:00 ; elapsed = 00:00:00.007 . Memory (MB): peak = 5031.457 ; gain = 0.000
Read PlaceDB: Time (s): cpu = 00:00:00 ; elapsed = 00:00:00 . Memory (MB): peak = 5031.457 ; gain = 0.000
Read placeStorage: Time (s): cpu = 00:00:00 ; elapsed = 00:00:00.002 . Memory (MB): peak = 5031.457 ; gain = 0.000
Read PulsedLatchDB: Time (s): cpu = 00:00:00 ; elapsed = 00:00:00 . Memory (MB): peak = 5031.457 ; gain = 0.000
Reading routing.
Read RouteStorage: Time (s): cpu = 00:00:00 ; elapsed = 00:00:00.012 . Memory (MB): peak = 5031.457 ; gain = 0.000
Read Physdb Files: Time (s): cpu = 00:00:00 ; elapsed = 00:00:00.037 . Memory (MB): peak = 5031.457 ; gain = 0.000
Restored from archive | CPU: 0.000000 secs | Memory: 0.000000 MB |
Finished XDEF File Restore: Time (s): cpu = 00:00:00 ; elapsed = 00:00:00.039 . Memory (MB): peak = 5031.457 ; gain = 0.000
Netlist sorting complete. Time (s): cpu = 00:00:00 ; elapsed = 00:00:00 . Memory (MB): peak = 5031.457 ; gain = 0.000
INFO: [Project 1-111] Unisim Transformation Summary:
No Unisim elements were transformed.

open_run: Time (s): cpu = 00:00:11 ; elapsed = 00:00:11 . Memory (MB): peak = 5031.457 ; gain = 0.000
WARNING: [Timing 38-313] There are no user specified timing constraints. Timing constraints are needed for proper timing analysis.
close_design
archive_project C:/Users/pablo/Desktop/S7Display.xpr.zip -temp_dir C:/Users/pablo/AppData/Roaming/Xilinx/Vivado/.Xil/Vivado-1512-PABLO -force -include_local_ip_cache
INFO: [Coretcl 2-137] starting archive...
INFO: [Coretcl 2-1499] Saving project copy to temporary location 'C:/Users/pablo/AppData/Roaming/Xilinx/Vivado/.Xil/Vivado-1512-PABLO' for archiving project
INFO: [filemgmt 56-3] Default IP Output Path : Could not find the directory 'C:/Users/pablo/Documents/Vivado Projects/Practica6_1/Practica6_1.gen/sources_1'.
Scanning sources...
Finished scanning sources
INFO: [Coretcl 2-1211] Creating project copy for archival...
WARNING: [IP_Flow 19-4995] The host OS only allows 260 characters in a normal path. The IP cache path is more than 80 characters. If you experience issues with IP caching, please consider changing the IP cache to a location with a shorter path. Alternately consider using the OS subst command to map part of the path to a drive letter. 
Current IP cache path is C:/Users/pablo/AppData/Roaming/Xilinx/Vivado/.Xil/Vivado-1512-PABLO/PrjAr/_X_/Practica6_1.cache/ip 
INFO: [Coretcl 2-1213] Including run results for 'synth_1'
INFO: [Coretcl 2-1213] Including run results for 'impl_1'
INFO: [IP_Flow 19-234] Refreshing IP repositories
INFO: [IP_Flow 19-1704] No user IP repositories specified
INFO: [IP_Flow 19-2313] Loaded Vivado IP repository 'C:/AMDDesignTools/2025.2/Vivado/data/ip'.
